id,name,userId,createdAt,updatedAt
382f8ac9-7ded-418b-8d3c-e6680080956a,Wishlist 2024,b05aae3f-beb5-4b06-bd33-ea7140d90612,2023-05-30T08:39:23.800690Z,2023-09-02T18:59:13.392377Z
41a1ecb0-d325-43a0-9289-a4fb9250166c,Gift Ideas,359bec97-089b-44ee-9463-688130c9ac72,2023-04-21T10:18:25.115054Z,2024-08-19T11:50:57.556370Z
eeac4a7b-41fa-41ef-8749-b9619ae3622c,Fashion Favorites,29dd423b-b206-42c7-ab6f-113d8a6b77d5,2024-06-05T18:40:48.763628Z,2024-12-10T01:18:16.669051Z
1b665e9d-4c59-4f19-b238-45ffa422d995,Dream Items,5766259b-3b19-4564-8cb5-b0f215af9148,2024-02-20T12:57:32.356442Z,2024-03-29T21:13:53.346211Z
5c147f9b-09a2-40a4-9bd8-5c30908faefe,Wishlist 2024,50154ee8-40e2-43af-a64c-7eee045f0204,2024-05-03T09:29:20.369375Z,2024-09-09T01:12:02.654799Z
e3d280eb-b0d4-4318-8b50-84d8afe44757,Dream Items,50154ee8-40e2-43af-a64c-7eee045f0204,2024-01-26T09:28:07.510717Z,2024-09-12T17:16:02.095641Z
6c692228-77fa-480d-b7db-314f6cb94390,Home Decor Ideas,50154ee8-40e2-43af-a64c-7eee045f0204,2023-04-16T12:57:38.552720Z,2024-11-08T20:45:13.507230Z
a0c9f18b-09a5-4c07-a8a1-465b1b327bd1,Save for Later,87908184-ade3-4ab0-a106-4f07ecddcaa1,2024-03-10T16:27:07.089325Z,2024-12-26T18:30:52.872000Z
882a72f3-13dd-4e04-83c5-c4be3d61f9c4,Holiday Wishlist,87908184-ade3-4ab0-a106-4f07ecddcaa1,2024-02-28T02:30:55.043709Z,2024-08-10T00:21:34.217453Z
78b06531-8905-4dde-9c6c-d5362996f28e,Save for Later,87908184-ade3-4ab0-a106-4f07ecddcaa1,2023-12-02T14:45:09.571927Z,2024-06-08T07:23:15.259485Z
34063ac2-0419-4de1-a560-fc1d3b2a1699,Gift Ideas,7e168ccc-88e8-417f-9e7e-85f2d1ec0c6e,2024-04-24T22:30:21.586739Z,2024-05-05T02:43:21.565629Z
e47cd5a1-18fa-4d28-9602-df880f12f189,Wishlist 2024,bbea8e07-9ef9-4cf6-8193-45de020eb6ec,2023-01-07T04:50:32.357535Z,2023-08-04T05:57:52.484469Z
69e3dc87-ae74-4904-93f2-66e53d63215b,Home Decor Ideas,0c9d6ffb-f2f1-4223-ab89-9016277b4632,2023-08-16T08:20:04.668961Z,2024-02-21T23:45:03.172602Z
7086b4ba-3b67-415b-ac8f-05c6f3238bd2,My Favorites,0c9d6ffb-f2f1-4223-ab89-9016277b4632,2024-07-11T14:52:12.987105Z,2024-07-12T17:58:36.968735Z
83566acf-19bc-46d1-b79e-2292744aea09,Fashion Favorites,0c9d6ffb-f2f1-4223-ab89-9016277b4632,2023-06-20T15:50:30.491931Z,2024-09-28T23:48:07.126741Z
35bdf704-007b-4937-8db9-0b72d4371949,Save for Later,711706f2-c0f6-4fc3-8795-812f30c46077,2023-07-23T00:49:38.064464Z,2023-07-31T14:58:05.153539Z
8cdaef03-e5c8-4b8f-9a04-ac4fd5f24d99,Birthday Ideas,711706f2-c0f6-4fc3-8795-812f30c46077,2023-05-25T06:18:43.304367Z,2024-10-06T06:56:43.054346Z
f0e22c2d-31b0-4656-9371-eb8302bf495a,Christmas List,711706f2-c0f6-4fc3-8795-812f30c46077,2023-04-07T19:53:59.821772Z,2024-06-17T03:43:37.610862Z
e5b1467e-4240-44d4-af19-1c583b9a40a7,Save for Later,f7144d80-c997-4fcd-b8c9-d4fab64f0bc0,2023-10-31T01:38:39.758570Z,2024-10-13T12:33:54.245921Z
80d3cb93-7e7c-40ec-8ad8-d863bedb98cc,Dream Items,f7144d80-c997-4fcd-b8c9-d4fab64f0bc0,2023-06-05T05:59:52.880411Z,2024-03-19T04:43:24.715286Z
f5b82201-014c-4853-81dc-35241e9b29dc,Tech Wishlist,4760b8a6-6f72-42b7-b992-561d42d84a88,2023-03-19T08:15:39.737589Z,2023-04-01T14:01:23.726956Z
73b669ee-4bca-40e6-ab39-490ce7807dba,Christmas List,5d1f3239-9f8f-40f1-987d-4c88e056b778,2024-08-23T03:05:58.990573Z,2024-11-15T01:47:44.100854Z
8bd280e1-048f-42cb-b18d-e94919d82411,Holiday Wishlist,5d1f3239-9f8f-40f1-987d-4c88e056b778,2024-03-05T00:01:32.034284Z,2024-05-12T12:22:35.599597Z
04728854-e4b9-4202-8150-f5f0643f7c3f,Fashion Favorites,19f38338-df68-4c80-9ea8-00e919f7ce13,2023-07-28T07:20:18.532257Z,2024-12-21T22:13:22.515895Z
ba126123-420a-4e76-aaf3-0964b73f7a7d,Tech Wishlist,19f38338-df68-4c80-9ea8-00e919f7ce13,2024-02-17T15:36:05.857947Z,2024-06-25T12:15:57.745412Z
40f8adcd-21bb-46e8-a905-77d25e141858,Wishlist 2024,3728be18-2e01-42e8-bfcc-3cb8ea07acd7,2023-04-04T15:44:08.856987Z,2024-05-25T13:23:09.816505Z
9d1a542b-68f9-48c0-adf5-1bb531304bdc,Holiday Wishlist,9713a3e2-0dd2-4b9e-bb60-b12ae7c76898,2024-05-25T21:08:18.002740Z,2024-06-04T01:44:56.770323Z
6057a11b-7ab2-4362-bd80-9dd0bbec9b88,Gift Ideas,9713a3e2-0dd2-4b9e-bb60-b12ae7c76898,2023-11-08T21:47:24.828281Z,2023-11-16T10:05:37.025257Z
02b4dbbc-bac9-4efa-9915-8a6b91cc24e9,Home Decor Ideas,9713a3e2-0dd2-4b9e-bb60-b12ae7c76898,2023-07-27T23:03:56.676294Z,2024-02-14T07:20:57.441249Z
d7d7bb78-567b-4327-9cf9-973480bae696,Gift Ideas,c4ab279a-f116-4491-ac93-a03e08e72af9,2023-03-01T01:46:02.617960Z,2023-04-23T16:52:38.617238Z
8265861e-941b-4108-a425-bfb1eec14749,Birthday Ideas,4589df8b-8012-4052-83bf-c7a91b60b9be,2024-06-28T01:11:33.674965Z,2024-08-26T10:44:17.067600Z
1d575581-e1e9-449a-b2df-253ec44f926d,Wishlist 2024,400458bd-7984-4e66-bea7-7547c7d17490,2023-02-20T08:45:14.664123Z,2024-05-19T13:27:05.254218Z
49a619f2-abd7-4b8e-9fb1-d4e3d553d2e0,Holiday Wishlist,400458bd-7984-4e66-bea7-7547c7d17490,2023-05-21T21:40:27.545168Z,2023-07-28T11:54:55.798000Z
ed4d7d40-3f34-4c16-9f08-9c89c5327f1b,My Favorites,400458bd-7984-4e66-bea7-7547c7d17490,2023-12-22T22:14:04.868439Z,2024-02-05T01:22:43.575123Z
32dcf634-cf00-430a-8cdf-bbdae6c534e5,Save for Later,c52d5f3e-58f5-4096-906d-c2e5430564a6,2024-05-24T06:38:28.648789Z,2024-09-29T09:08:06.584790Z
79506b62-6d3e-43b3-bf0a-097890af523a,Save for Later,c52d5f3e-58f5-4096-906d-c2e5430564a6,2023-08-27T15:26:46.905460Z,2024-02-25T20:01:48.763859Z
7a0c637e-4b3e-4bbc-9c84-ef9d7532b650,Christmas List,c52d5f3e-58f5-4096-906d-c2e5430564a6,2023-04-11T16:31:30.417467Z,2023-08-17T21:33:34.849861Z
f2a698b1-048a-4cce-a7b5-6b61e0577807,Dream Items,45ac31d7-d1a1-4aef-a168-8cd5730de0b6,2023-01-26T02:46:41.415773Z,2024-11-11T05:29:59.421022Z
3788d738-5468-44d0-b8c2-002884fdd34e,Save for Later,45ac31d7-d1a1-4aef-a168-8cd5730de0b6,2024-03-30T16:53:44.539889Z,2024-04-04T18:44:44.204174Z
b13e1b88-24d9-481b-9f65-74ce14f6ca0a,Fashion Favorites,45ac31d7-d1a1-4aef-a168-8cd5730de0b6,2023-01-01T14:18:37.612087Z,2023-09-05T10:36:34.111329Z
42a2b57a-49fe-4969-bf50-d7a7c4edbb43,Save for Later,37f170a2-fd91-4f8d-a8e0-8614241277a5,2023-11-27T19:53:31.398649Z,2024-04-26T00:35:53.197091Z
503dd7fa-ec6f-4bc1-b013-caa733ab98f7,Christmas List,477f0c63-46fa-4845-8739-54f3f79775dd,2023-04-22T12:21:30.578222Z,2024-12-08T06:36:04.999709Z
0b83b206-3bf2-46b4-9bbd-3610e6fda385,Gift Ideas,174e77c1-a034-4382-85d8-e7f12a4f62ad,2024-07-01T17:28:05.679778Z,2024-07-30T09:33:27.041290Z
23c8724f-a2ba-47f7-a8d6-9ba815474289,My Favorites,174e77c1-a034-4382-85d8-e7f12a4f62ad,2023-01-05T22:38:11.274611Z,2023-10-08T19:45:40.189736Z
cf938dbd-ccae-46ac-bb85-3392ed50d9ea,My Favorites,12d29b54-77ce-461a-b89f-3c542355e22e,2023-05-25T18:12:01.129489Z,2023-09-06T23:56:09.356406Z
33c89c12-13b0-4c0d-9f98-d2bb49a8dfb4,Save for Later,12d29b54-77ce-461a-b89f-3c542355e22e,2023-02-06T15:17:10.599387Z,2023-03-01T12:42:41.629907Z
9c30d3f9-8cb5-409f-8b39-a18a961e64b9,Wishlist 2024,12d29b54-77ce-461a-b89f-3c542355e22e,2023-05-02T20:35:01.403116Z,2023-10-21T01:00:50.998480Z
7eb8aecb-936f-4a33-901e-785fdca2509f,Save for Later,de6d31dd-03a3-4225-906a-4041f6cd46ef,2023-05-23T08:44:51.602110Z,2024-08-27T11:15:30.991104Z
0af8565f-3fda-40d0-afcd-ed54c8206dd3,Gift Ideas,de6d31dd-03a3-4225-906a-4041f6cd46ef,2023-10-11T09:25:42.626588Z,2024-04-16T13:43:49.952439Z
3b03aec5-f7a0-40fc-880b-9013c34a3240,Birthday Ideas,de6d31dd-03a3-4225-906a-4041f6cd46ef,2023-09-17T11:14:16.346351Z,2024-09-21T02:17:24.687149Z
35a8e606-66fc-4300-a01c-a9f8771d0064,Birthday Ideas,d67a9791-0660-4bb5-867e-a99824a9742b,2024-06-02T06:50:18.588842Z,2024-12-08T07:42:59.370329Z
e928dfcb-09b0-4f0d-acd6-5bb861a2f7ec,Birthday Ideas,d67a9791-0660-4bb5-867e-a99824a9742b,2024-06-14T10:15:09.030721Z,2024-11-30T14:30:23.550004Z
af0f6029-f5af-4503-8c9a-04b02e36ca81,Tech Wishlist,d67a9791-0660-4bb5-867e-a99824a9742b,2024-07-28T06:42:53.680345Z,2024-09-30T09:15:55.764202Z
b11d9638-5cde-4de9-8b82-55db9bbd233a,Birthday Ideas,11b637ab-c1b4-4643-ac3e-8ccb00034809,2023-11-23T01:23:46.033429Z,2024-09-23T05:34:17.420366Z
e9eb7169-851a-4f5e-b00d-a10fc498ddad,Tech Wishlist,11b637ab-c1b4-4643-ac3e-8ccb00034809,2023-07-20T18:02:44.490146Z,2024-10-19T07:58:47.513825Z
1a03ebdc-1184-49ae-8528-64093ecd6914,Dream Items,11b637ab-c1b4-4643-ac3e-8ccb00034809,2023-01-05T07:35:59.029965Z,2023-03-10T13:08:21.586253Z
c501a55e-369a-49c5-bed3-466038b9a248,Birthday Ideas,3351d327-808d-4996-ac27-cc6845d81e50,2023-12-18T00:42:11.589642Z,2024-02-04T09:13:21.238001Z
b48506d3-e4c0-4685-a629-12994a9ba7c8,Home Decor Ideas,2eb48a72-a2b9-4232-aeaa-d7bbb9692b82,2023-08-27T07:48:31.650579Z,2024-11-08T10:12:05.836225Z
5740cb0b-d789-4a0b-b3f6-548dba2a7da9,Dream Items,2eb48a72-a2b9-4232-aeaa-d7bbb9692b82,2024-08-12T00:17:55.174975Z,2024-11-22T11:11:56.483098Z
971efe27-b206-454c-95ef-b23775a26564,Home Decor Ideas,2eb48a72-a2b9-4232-aeaa-d7bbb9692b82,2023-12-19T03:44:03.549005Z,2024-06-22T15:14:33.201786Z
b669ffa9-69c1-49c7-acc3-572d2ec99dff,Tech Wishlist,54709dd6-908e-434e-83e4-f1da9d0c19f1,2023-03-24T18:14:20.098321Z,2023-06-12T15:42:57.968002Z
bc2a3171-c636-4934-ac49-84448b816163,Christmas List,e2a9cf5f-fbeb-4a1c-b37f-eb49dd7ed290,2023-02-02T13:08:30.195535Z,2024-08-11T03:26:29.209501Z
4b7125de-1f48-4051-9b79-03e750e92681,Gift Ideas,e2a9cf5f-fbeb-4a1c-b37f-eb49dd7ed290,2023-11-22T15:23:27.754074Z,2024-11-25T23:10:48.446066Z
770e1506-e4ea-45d7-822f-771a4b0b0597,Birthday Ideas,e2a9cf5f-fbeb-4a1c-b37f-eb49dd7ed290,2024-06-22T03:32:50.686820Z,2024-10-13T12:10:00.617774Z
0f5ea96e-aa69-4bbe-a66a-d90d23b1e80b,Tech Wishlist,4361601a-9d15-438c-9fbe-871908c03ec0,2024-03-17T07:01:50.885084Z,2024-07-15T19:38:21.995958Z
f87112c5-87ef-4452-befa-36ddaccb87df,Dream Items,703a27a4-ec0c-47ed-9bda-0e1cc6c5b4a6,2023-02-03T22:21:46.645446Z,2024-09-29T17:09:58.860764Z
fdaded0f-c53a-46cc-8520-34f562692b1f,Wishlist 2024,703a27a4-ec0c-47ed-9bda-0e1cc6c5b4a6,2023-04-13T05:48:13.294017Z,2023-12-03T16:58:35.556366Z
e38d38bc-2b52-40c5-8f8f-3786a8956a7a,Home Decor Ideas,b2287d23-2ec5-4025-9348-2a82fbe01cab,2023-10-26T20:09:03.152305Z,2024-05-02T19:52:15.420204Z
5a3cd2fb-7982-45e3-82f8-2d1b3b463658,Wishlist 2024,f2bec0e9-c87f-4b71-b8da-7323302cc6cd,2023-04-20T07:16:08.494278Z,2024-04-24T11:28:24.489221Z
adb2ad57-e069-47a8-befd-81ee1648d9ba,Dream Items,f2bec0e9-c87f-4b71-b8da-7323302cc6cd,2023-10-27T18:01:47.299093Z,2024-09-12T08:12:57.089213Z
311bebe3-cbc0-47eb-8fc7-bb07f7c61603,Dream Items,f2bec0e9-c87f-4b71-b8da-7323302cc6cd,2023-08-19T02:56:02.718983Z,2024-07-18T05:42:37.507310Z
52fc6811-7643-4eb1-9e2f-1e0d9cdcbb56,Home Decor Ideas,1bf41b18-8115-4271-8dbf-a6c91853d50e,2024-04-23T19:08:24.947126Z,2024-11-09T10:51:04.953891Z
fd00b268-18ca-4e42-b617-d9c7c3d663d8,My Favorites,98b8b352-ef30-4a44-abfd-027d2628a6da,2024-05-30T15:14:52.648599Z,2024-07-08T05:06:37.576659Z
24d7c0b5-d128-4711-9df1-4dc91bfa5f10,Home Decor Ideas,2aa34947-c626-444a-ba14-09a38775d457,2024-04-16T13:49:30.119441Z,2024-04-29T11:08:36.538805Z
c030b08c-1c7f-4128-a5c8-8125fc157c20,Gift Ideas,f9679338-b091-4d52-9777-ead685f6ff97,2024-01-18T06:03:16.287481Z,2024-06-28T01:00:51.186207Z
0ec2209c-b042-4052-bb23-ed3ac808255d,Save for Later,f9679338-b091-4d52-9777-ead685f6ff97,2024-06-17T07:35:31.581908Z,2024-11-20T01:56:13.780954Z
2218374e-154a-4022-9b88-54e9569d531f,Fashion Favorites,f9679338-b091-4d52-9777-ead685f6ff97,2024-02-14T14:48:25.049525Z,2024-06-14T20:49:03.285423Z
037fa789-3e65-45b1-8784-680dec28171b,Birthday Ideas,65a0d5f5-9f9f-4625-b714-4ae628450da3,2024-02-22T21:44:29.712423Z,2024-08-18T09:40:04.562529Z
803937a9-fb05-4727-a133-85fd96239db7,My Favorites,9cafa6f3-89e6-46ee-867f-432fad8c5d03,2023-03-19T07:53:35.697335Z,2023-08-01T14:11:04.050822Z
aa986ad3-dfd5-4ae8-8e84-c4e7c0412c82,My Favorites,155f0b20-9d0a-4ef4-9a7d-6600cfe0fba9,2023-04-11T07:34:42.573471Z,2023-10-01T11:50:15.182255Z
92879c3e-b179-4131-9495-b510e1f92e1b,Home Decor Ideas,28e24c73-fdee-479e-ad4a-c89a4ae1e2fd,2023-03-20T21:24:33.127463Z,2024-05-13T07:26:53.009476Z
64ebe57b-96f0-42c0-bf55-fc1c58a53cba,Christmas List,c3fcb921-9657-4dac-aa9c-7eafd981ce88,2023-09-09T23:24:38.013243Z,2024-05-04T23:32:37.740746Z
03b75e8e-a29e-46d1-9352-63e00dab1091,My Favorites,c3fcb921-9657-4dac-aa9c-7eafd981ce88,2023-12-29T04:05:16.732691Z,2024-02-18T01:30:58.009264Z
4e24fb8f-ec7e-432e-81f9-e98ec07bb418,Home Decor Ideas,c3fcb921-9657-4dac-aa9c-7eafd981ce88,2024-06-29T19:20:06.189061Z,2024-08-23T14:00:33.389351Z
f6e524d4-668b-4991-9fe4-3b36a1bbb534,Gift Ideas,6b53523e-3ca1-4b0e-a175-dc3552ef8d4b,2023-09-29T20:19:23.272149Z,2024-04-02T13:38:30.148654Z
8044664c-9eab-4452-b1c1-ee952ecb1900,Christmas List,6b53523e-3ca1-4b0e-a175-dc3552ef8d4b,2023-03-22T07:28:28.770033Z,2023-07-19T22:48:43.525363Z
786ddd59-edf4-4024-8c9c-d2ddcc4ed124,Holiday Wishlist,6b53523e-3ca1-4b0e-a175-dc3552ef8d4b,2024-02-16T12:59:49.462022Z,2024-11-20T07:01:23.381111Z
02ce01bf-3f24-4557-a208-f3803f99e4cc,My Favorites,afd26bc2-eab1-445e-ae6c-fa28966c5fe7,2023-06-19T23:08:13.720781Z,2024-04-09T21:24:04.316592Z
27ccf13b-48c1-4f72-8a2f-a372db0a7747,Wishlist 2024,afd26bc2-eab1-445e-ae6c-fa28966c5fe7,2023-08-12T00:18:43.115815Z,2023-09-17T14:26:49.101462Z
c26f8a50-a23b-430f-a886-6982d3939e78,Wishlist 2024,54c8ae94-2144-4e3e-89d6-ebeb316854f7,2023-04-26T19:25:34.772928Z,2024-06-30T06:56:59.435849Z
5a0fbd33-3512-40de-92a3-09c775fbedbe,Fashion Favorites,54c8ae94-2144-4e3e-89d6-ebeb316854f7,2024-08-01T12:37:32.946228Z,2024-12-02T00:13:24.577981Z
47328cb2-0b71-479e-bf6e-814732cf4f25,Home Decor Ideas,54c8ae94-2144-4e3e-89d6-ebeb316854f7,2023-08-22T12:46:14.723617Z,2024-10-26T02:48:22.604664Z
222b0e6a-bbd8-4dde-8a42-7cb60c8223bc,Home Decor Ideas,d1e79352-c102-432b-bb12-bb78573b0eee,2023-06-21T15:59:03.401921Z,2024-05-23T19:14:17.067542Z
91823251-b89a-42ea-91bf-a43379960cbb,Home Decor Ideas,46a816a4-469d-4ef7-a23c-1c34f2c04f61,2023-05-29T18:06:05.569603Z,2024-09-02T05:08:32.164498Z
82783256-f509-46ae-af98-5c725ad06d23,Gift Ideas,46a816a4-469d-4ef7-a23c-1c34f2c04f61,2024-04-02T22:37:49.991953Z,2024-10-24T20:03:54.867574Z
81f0d88b-4f30-42ab-9b1e-000d165a116b,Birthday Ideas,46a816a4-469d-4ef7-a23c-1c34f2c04f61,2024-08-13T15:57:18.609888Z,2024-12-05T19:38:03.331060Z
a7551dc3-120c-4dc4-ae97-de03887b09ad,Birthday Ideas,748f8b94-21f6-480a-879f-3e71c1a0bbc5,2024-07-13T13:50:21.437789Z,2024-10-12T16:47:06.579749Z
9e982730-d46b-4921-b431-cce147b17fce,Wishlist 2024,23e2c460-71fe-4404-accd-d8539b7a10f0,2023-11-17T13:55:15.099313Z,2024-06-12T06:53:06.176331Z
580891e0-9932-4fe3-91de-7e53658ded20,Gift Ideas,23e2c460-71fe-4404-accd-d8539b7a10f0,2024-03-04T19:19:38.430462Z,2024-06-23T15:58:35.531750Z
03dd6113-3c8c-4823-b94f-663e8fe2af49,Fashion Favorites,97209e6b-d421-4b5c-9e15-1d742d41bc07,2024-08-27T20:37:56.613676Z,2024-09-02T12:33:10.731590Z
644bc54e-268e-48d3-a81e-1c08d031cb0a,My Favorites,9338204c-e848-43e6-af89-1d311b466026,2024-05-26T02:27:31.364966Z,2024-07-13T21:44:10.120501Z
f153da39-6232-407f-9ff7-3196b8a2f73f,Christmas List,9338204c-e848-43e6-af89-1d311b466026,2024-06-23T10:17:37.038410Z,2024-07-04T09:44:38.875344Z
9d9d50d2-1e3f-421a-9464-252e4dad3f7d,Holiday Wishlist,9338204c-e848-43e6-af89-1d311b466026,2024-01-01T23:18:23.540948Z,2024-06-19T16:14:21.728597Z
468398ed-4887-4997-a6c5-40d9b1e38dd6,Holiday Wishlist,70a24a2b-b48a-4278-849b-a974f17e4e0e,2024-05-08T08:46:13.633084Z,2024-10-16T04:09:58.337805Z
1ba1ad64-36e4-4485-9ae6-39b43f40dedf,Holiday Wishlist,607c4a32-93f0-4c3a-b024-882fda4aaaed,2023-11-27T17:56:56.070012Z,2024-10-14T23:53:57.994763Z
b7c96767-2e25-4e6b-99b8-5204c8d7eb42,Holiday Wishlist,607c4a32-93f0-4c3a-b024-882fda4aaaed,2023-07-12T12:51:02.127416Z,2024-08-19T07:36:38.273804Z
7bacae1a-bc8b-403b-be25-669951698783,Dream Items,607c4a32-93f0-4c3a-b024-882fda4aaaed,2023-08-28T03:20:24.228199Z,2024-09-28T01:38:15.009098Z
8d40f587-0f69-4523-a1bc-1a199d1512ab,Save for Later,d5124e5c-7f30-418b-84a2-5c4823626f9f,2023-11-10T11:56:50.607434Z,2024-08-11T14:08:40.291048Z
0d9da353-bad6-43f9-8086-4f65601e6a99,Tech Wishlist,d5124e5c-7f30-418b-84a2-5c4823626f9f,2023-06-30T22:06:29.506939Z,2024-01-08T10:41:48.970697Z
ca42d816-9c77-4470-9b22-923ac66147bc,Gift Ideas,d5124e5c-7f30-418b-84a2-5c4823626f9f,2023-07-31T06:39:30.201441Z,2024-10-12T14:01:30.726045Z
7eb9aa57-4f8f-4c42-aa58-ab3c2264e98b,My Favorites,7b1c0969-070e-4c25-af04-a874ed958806,2023-07-04T09:08:41.179988Z,2023-12-25T23:54:17.098626Z
f3288b34-f19c-498c-b0a5-30ef5233037d,Wishlist 2024,7b1c0969-070e-4c25-af04-a874ed958806,2024-03-20T10:19:57.015116Z,2024-05-07T17:06:41.829321Z
eafdfb7a-1065-4ca9-8c73-3177dc74b93a,Holiday Wishlist,28c1bdbf-53c7-41c5-8556-6f3c52c8b981,2023-02-01T05:44:17.256534Z,2024-02-12T00:44:38.322594Z
e01344ed-ea08-49a0-a609-33fbce8c4b5d,Home Decor Ideas,28c1bdbf-53c7-41c5-8556-6f3c52c8b981,2023-03-08T10:26:17.008456Z,2024-11-24T18:18:06.323935Z
fb497b52-16c3-450f-922d-fe6eb62fce56,Holiday Wishlist,d446e02d-7856-43f2-a678-59c42195a910,2023-11-04T10:05:43.664207Z,2024-09-18T01:32:58.864710Z
9ac25c9f-22d0-4c95-8247-19798d03b330,Gift Ideas,d446e02d-7856-43f2-a678-59c42195a910,2023-01-28T20:12:20.401951Z,2023-12-21T19:17:11.785749Z
77ad6fa5-9e53-4f36-babd-15fb9e393f8e,Save for Later,d446e02d-7856-43f2-a678-59c42195a910,2024-01-26T13:37:42.982034Z,2024-08-29T19:11:49.176035Z
f3b8b350-193b-4b61-808c-7a7c84803c8a,Fashion Favorites,a5088e4c-1446-4548-b36e-dbfe9e98c5bc,2023-07-16T19:43:01.876373Z,2024-03-08T09:08:17.685459Z
d5c02053-3323-48b7-b69f-7e32d4af856c,Holiday Wishlist,a5088e4c-1446-4548-b36e-dbfe9e98c5bc,2024-06-08T23:12:17.430033Z,2024-07-26T06:51:19.707312Z
aaaba746-d157-4e34-8810-f0cd0caab0c0,Fashion Favorites,a5088e4c-1446-4548-b36e-dbfe9e98c5bc,2024-01-26T13:57:39.266759Z,2024-02-14T16:27:49.847640Z
56c6e87e-3bc2-48cc-92d7-b01be0d4503e,Tech Wishlist,efeb531e-7130-44ff-8f87-2e4384acb9c8,2023-05-17T17:21:21.021835Z,2024-08-19T08:13:21.861082Z
579a6aea-65c3-4a2f-a579-fd84f1b13dff,Holiday Wishlist,efeb531e-7130-44ff-8f87-2e4384acb9c8,2024-07-26T20:57:59.548470Z,2024-10-29T19:17:56.965909Z
d1ce2ca0-619a-43e8-9d0c-5b41b4ce7c8b,Birthday Ideas,99ad04d3-63a2-4c4f-a8f6-3fcf610bb70d,2023-12-01T06:20:38.100795Z,2024-07-28T12:21:02.271176Z
b5259c0a-1cdb-414a-99e5-0e9ac6f28cf3,Tech Wishlist,99ad04d3-63a2-4c4f-a8f6-3fcf610bb70d,2023-12-15T08:08:35.533367Z,2024-08-04T06:59:17.298636Z
7ed8eb9e-1c39-47b9-93d9-1b91ebae67b0,Birthday Ideas,4378865c-208b-45ce-870a-5cdf750a2101,2024-04-12T00:26:44.111664Z,2024-12-02T22:54:54.673686Z
75be19de-915c-4364-b6e7-6bf9a78c16ee,Save for Later,4378865c-208b-45ce-870a-5cdf750a2101,2024-08-21T01:05:54.273533Z,2024-12-11T02:05:01.795572Z
686d555c-3599-4052-8aa6-f5c388fdf0fd,Gift Ideas,4378865c-208b-45ce-870a-5cdf750a2101,2023-12-11T12:30:53.375910Z,2024-07-12T13:46:20.000054Z
27852e53-8b57-450b-9329-459609f5d55a,Christmas List,4c48e6fa-2504-4413-a217-1156fd815796,2023-10-27T08:36:56.758334Z,2024-10-10T05:13:18.728020Z
b7749fc4-5533-4b35-8beb-27a03d7237dc,Fashion Favorites,4c48e6fa-2504-4413-a217-1156fd815796,2023-12-02T00:56:59.291754Z,2024-05-15T00:41:21.819503Z
5664a79a-bf54-44f4-b738-e4fa2251d599,Holiday Wishlist,7f3ec454-beff-4775-bc3c-9d3704ac4648,2023-09-28T05:50:35.455746Z,2023-11-03T15:53:44.563147Z
112eb3f4-af43-43f4-978d-7b57d18b857c,Holiday Wishlist,37f9c37e-6697-4452-a228-e25173744dd4,2023-12-05T01:55:43.901004Z,2024-04-06T17:20:55.740006Z
7f985489-741a-4942-a1a0-125eb452afcc,Home Decor Ideas,8bb632a6-62dc-42fc-8900-e034f26a0ddb,2024-02-26T07:33:41.301488Z,2024-12-15T07:48:47.426984Z
f93f5134-d340-49e0-9091-ae7c2344d3ef,Fashion Favorites,52f56fc1-3eba-4e26-98ce-62117554db11,2023-12-26T07:01:46.880697Z,2024-02-07T00:49:05.891450Z
0cee3c02-be4f-4782-bc23-69a3e5893d92,Dream Items,52f56fc1-3eba-4e26-98ce-62117554db11,2023-03-28T19:41:13.001608Z,2024-01-23T20:58:32.901412Z
ac2e00b4-439c-48be-bc68-9c8ab9db919b,My Favorites,8bc1902f-705e-47ec-b511-bcd49a78d7ce,2023-08-10T12:20:26.153806Z,2023-09-05T06:47:27.226106Z
8c7cac9c-9dae-4ace-ba5c-3d8974f14d9c,Save for Later,8bc1902f-705e-47ec-b511-bcd49a78d7ce,2024-06-04T19:24:47.774635Z,2024-12-04T07:14:06.563312Z
1c961353-4384-4909-bec8-6733f245342a,Christmas List,68d39516-b113-4127-a44e-659094df439f,2024-03-07T02:30:45.883123Z,2024-03-31T14:56:14.878914Z
f9b6845e-d1e4-43ab-9ac0-d51870db0046,Dream Items,68d39516-b113-4127-a44e-659094df439f,2024-04-17T14:56:27.181465Z,2024-11-14T04:24:15.989017Z
1dffacb8-792a-4059-9b5f-4ed91ec94ba7,Christmas List,293bd046-b02e-444f-a014-a65dba4cba95,2024-05-22T08:50:31.810951Z,2024-12-27T11:39:17.717371Z
226f35f0-0720-4cb4-ba02-46a6d4c79517,Holiday Wishlist,293bd046-b02e-444f-a014-a65dba4cba95,2024-08-24T11:54:12.467796Z,2024-12-19T08:56:52.911435Z
02692899-6551-4be2-bec5-903cd83c55fb,Christmas List,293bd046-b02e-444f-a014-a65dba4cba95,2024-02-03T14:26:35.498408Z,2024-06-26T00:16:55.157598Z
2c67dfc9-77a5-4efc-8f9c-c7f01fe06b1c,Dream Items,50809b15-c8ab-4b84-be0c-5cfe0856777f,2023-03-24T09:38:28.367769Z,2023-10-14T09:05:04.332493Z
66e22302-8820-4426-8b4f-35ea0272214b,Home Decor Ideas,50809b15-c8ab-4b84-be0c-5cfe0856777f,2023-02-17T18:54:17.774346Z,2023-03-23T13:23:25.374413Z
40890f5b-f70a-4e25-a57b-da0de27246b7,Wishlist 2024,f3f051f2-ba2d-4ba0-afbd-e35a9522733f,2024-06-21T10:41:42.443197Z,2024-09-22T07:21:11.958176Z
49dd7c07-a261-4e6a-83cc-a1e212673418,Home Decor Ideas,f3f051f2-ba2d-4ba0-afbd-e35a9522733f,2023-01-14T01:16:29.030307Z,2024-08-20T23:05:04.062841Z
73222229-05dc-40a9-bc4f-e58fad62d320,Gift Ideas,bc428685-2bb7-4587-94fa-c2e2142b0376,2023-03-22T19:44:48.626895Z,2024-08-16T18:37:47.418489Z
bc635430-7e8a-4590-9a7d-512c013ef3f7,Wishlist 2024,bc428685-2bb7-4587-94fa-c2e2142b0376,2024-04-03T08:25:27.080216Z,2024-09-09T23:19:30.470472Z
053c0839-3351-4f16-85e7-d897ab0af43d,Christmas List,0f996f15-aff9-4167-a68a-f18f54f2bbac,2024-08-20T13:25:42.682516Z,2024-11-26T17:56:09.742569Z
7eeb3042-a07e-40af-a9cd-2e61c88d3494,Holiday Wishlist,0f996f15-aff9-4167-a68a-f18f54f2bbac,2024-01-13T12:21:38.614640Z,2024-07-22T00:33:41.648884Z
110a27ce-e1ba-47ac-ac57-a93fa7622b3e,Wishlist 2024,ec5c2f33-b926-4c1d-a7b7-d31a7567617e,2023-01-04T23:11:36.738587Z,2023-07-13T15:27:58.299654Z
f34745ce-a7ed-4436-a4b9-0726a141ae4a,Home Decor Ideas,b6e5ca90-a6c8-4ba2-9142-70bcaffdf891,2023-09-05T19:34:27.183223Z,2024-12-16T04:04:16.057456Z
4494294e-f8f1-40de-a2d5-503eacb3d795,Birthday Ideas,b6e5ca90-a6c8-4ba2-9142-70bcaffdf891,2024-05-11T09:28:55.255470Z,2024-07-04T17:37:53.094674Z
9f02729e-a36c-4539-81fa-e31838f1568d,Birthday Ideas,f20d2ac6-782e-4989-a332-1872c88cf933,2023-11-06T04:00:12.343213Z,2024-09-11T08:18:06.017497Z
62d7d200-2d01-46ed-98eb-58cdbeb0d0b5,Home Decor Ideas,f20d2ac6-782e-4989-a332-1872c88cf933,2023-08-20T11:05:34.960261Z,2024-09-05T21:44:48.901147Z
66e392b9-f426-4c7c-b3a1-b3775cd418c1,Dream Items,19aa2702-ffc6-4b1b-8ea9-251630beec81,2023-03-20T16:43:12.009083Z,2023-08-11T11:32:23.205096Z
ddcf8387-0bce-48fe-a05c-eb82e21f7d02,Tech Wishlist,82ee9c2e-5e8a-4a4d-9366-fc699a2f5aae,2024-06-23T17:23:40.175937Z,2024-12-17T03:31:35.631575Z
1f6e4338-05e4-441a-af0f-29c3eac48005,Birthday Ideas,26b5ff73-0df5-4ba1-a91b-29c6ce1ad624,2023-03-19T05:35:24.346336Z,2024-03-22T16:53:56.907386Z
5c5a3ca0-afe2-4506-ba41-ca95928c81e3,Tech Wishlist,26b5ff73-0df5-4ba1-a91b-29c6ce1ad624,2023-07-02T06:34:13.988245Z,2023-10-09T18:14:19.558359Z
de3b637d-f921-4920-b401-ef132e6cd8b2,My Favorites,26b5ff73-0df5-4ba1-a91b-29c6ce1ad624,2023-02-26T06:34:04.858914Z,2023-11-17T12:12:16.133310Z
bb5d6575-76d9-4770-b5fc-5e4fe0dd7493,Tech Wishlist,5004fa29-50c8-4cd4-ba8f-f70426f069c8,2024-04-19T23:53:15.800198Z,2024-11-21T01:53:37.771233Z
ac2aa54d-5edd-4d43-8570-0ef176b21ed4,Holiday Wishlist,5004fa29-50c8-4cd4-ba8f-f70426f069c8,2024-04-28T06:18:05.091389Z,2024-07-12T23:25:05.206193Z
69cd3fbe-07d5-4636-971c-c8e81bb4e7dc,My Favorites,19875587-3860-4584-bce9-a1e143c8d92b,2023-03-06T10:14:02.199029Z,2023-05-05T09:18:00.471628Z
ead3c7b3-273f-47b1-acb1-ec2bff1391ea,Dream Items,98e0b481-7c2f-40db-9698-a7ce39009ef7,2024-07-16T09:42:49.328059Z,2024-10-05T14:26:47.880185Z
2c7c35cf-201e-458e-92fb-257f31d61c23,Fashion Favorites,98e0b481-7c2f-40db-9698-a7ce39009ef7,2023-07-08T19:37:06.148225Z,2024-08-27T19:54:57.626997Z
cdd38c23-9113-40a4-b20a-7d6f7806fc46,Gift Ideas,6123b3eb-f138-44b9-a8ee-5dd7d23b3b1d,2023-01-24T13:06:58.728523Z,2024-02-19T20:24:44.645775Z
c992e0ca-eefe-41ac-9ed6-0c6f997f03c1,Fashion Favorites,6123b3eb-f138-44b9-a8ee-5dd7d23b3b1d,2023-05-16T05:42:16.140506Z,2023-09-19T12:34:09.437679Z
15f659ad-3ad1-4904-be6e-ac6b28c397dc,Christmas List,6123b3eb-f138-44b9-a8ee-5dd7d23b3b1d,2023-12-31T20:25:10.681976Z,2024-07-13T19:36:49.399988Z
687b90f9-4f3c-4018-8e60-2cd71a2f40a5,Tech Wishlist,ca067f4c-8e0b-4d09-8223-bd9a9d8b3212,2023-03-30T23:00:00.362034Z,2024-11-01T07:08:42.838496Z
da309e23-d8fe-49dc-97fd-fdf5a29235fa,Wishlist 2024,ca067f4c-8e0b-4d09-8223-bd9a9d8b3212,2023-06-11T04:01:02.676738Z,2024-09-27T08:35:21.645592Z
cd4e125e-30bd-4b34-9663-42cc6938d79e,Gift Ideas,8dde1e86-2578-449c-b828-169a240282b1,2023-10-30T10:11:57.752058Z,2024-12-18T01:21:43.536576Z
98b783d7-4694-443d-ba9f-d15e6905cc8d,Fashion Favorites,8dde1e86-2578-449c-b828-169a240282b1,2024-02-14T00:51:24.046051Z,2024-07-10T17:01:11.829732Z
00dcec67-0614-44da-8101-e77e1ce79ac1,Christmas List,d37cbf09-825d-4702-8169-34d13a5396fd,2023-09-27T14:51:25.726233Z,2024-08-02T10:02:45.607725Z
5a632f76-c42a-43ca-baae-9d3446552c39,Home Decor Ideas,d37cbf09-825d-4702-8169-34d13a5396fd,2024-05-29T23:37:32.346535Z,2024-09-17T12:44:16.214158Z
105ee318-e812-456a-b024-78e11d764cc4,Dream Items,a758d3d9-6156-408c-866d-8dd59e0445ef,2024-03-17T04:14:32.586011Z,2024-11-23T16:32:59.535246Z
d4c62a08-6b04-48ba-a866-c2552b19fb62,Gift Ideas,a758d3d9-6156-408c-866d-8dd59e0445ef,2023-07-30T12:42:03.436931Z,2023-12-08T04:53:37.024148Z
9a210e33-b4fb-44ee-b3f4-905c550cb30f,Wishlist 2024,a758d3d9-6156-408c-866d-8dd59e0445ef,2024-07-23T12:00:59.293016Z,2024-11-23T18:17:42.789825Z
208a4635-24d0-4dba-b0a8-59ac01be3809,Gift Ideas,90499a0b-4bce-47fe-b47a-e3f9ed0bd1cc,2023-09-20T16:37:51.802471Z,2024-03-03T23:15:35.176672Z
09e4134d-c118-4abb-8418-3033675c71a5,Christmas List,90499a0b-4bce-47fe-b47a-e3f9ed0bd1cc,2024-07-30T23:03:23.244694Z,2024-10-16T14:08:35.250996Z
53ec1608-6f6b-472e-a5f6-503794afb033,Dream Items,e50431f7-12b9-4a54-80ec-5f8a6a03c22f,2023-08-15T04:42:46.412974Z,2024-04-23T00:51:35.268275Z
2f1a705c-2c60-4a80-becb-c2b388e7e82f,Save for Later,e50431f7-12b9-4a54-80ec-5f8a6a03c22f,2023-06-02T18:57:10.385414Z,2024-11-30T21:11:55.928939Z
20b8deb7-7204-4474-937b-5d257a6852b0,Gift Ideas,e50431f7-12b9-4a54-80ec-5f8a6a03c22f,2024-06-23T06:09:15.391660Z,2024-08-15T01:27:57.534724Z
5acabc9b-a2ef-4b16-81cc-cdd968b19366,Home Decor Ideas,4e8f8352-6f54-423b-9192-cc1b34bf93e3,2024-05-22T16:01:39.995193Z,2024-09-01T08:20:51.578461Z
5660d92b-b468-484a-969b-a801b571d732,Tech Wishlist,4e8f8352-6f54-423b-9192-cc1b34bf93e3,2024-05-01T10:09:05.242274Z,2024-07-31T20:12:05.983174Z
7336d6bb-c9c5-4826-a795-4fbfa9bf6308,Tech Wishlist,f7a14e15-6d54-4621-b589-e71378d01c71,2024-05-15T08:34:45.479570Z,2024-07-24T02:43:04.740036Z
7b5d0ae7-1701-4dc7-92c6-09de4ac71e5d,Dream Items,f7a14e15-6d54-4621-b589-e71378d01c71,2023-05-04T23:41:07.828279Z,2024-09-19T13:16:21.234901Z
f30ff120-f66c-464b-ace4-c98a6de94196,Dream Items,f7a14e15-6d54-4621-b589-e71378d01c71,2024-03-22T09:56:07.641075Z,2024-10-14T14:33:38.447498Z
f4400bd4-f954-4c6e-8ede-a20547085c6f,Fashion Favorites,47071c0a-b88a-4505-ab56-92b788e4447e,2023-07-08T01:53:07.415238Z,2024-01-20T01:05:48.772179Z
2e8976a7-31ca-42d7-89e7-6770df7fb40e,Holiday Wishlist,47071c0a-b88a-4505-ab56-92b788e4447e,2024-06-20T08:48:34.830346Z,2024-12-27T06:19:49.695015Z
a85b50c0-7d38-4ea3-83c2-ab8ce6884c06,Home Decor Ideas,2def3228-d78c-443b-b21a-e19fee6a923f,2024-06-16T08:27:41.727877Z,2024-06-28T02:51:40.916712Z
60553a99-e2f2-4390-8385-f511a3586c69,Wishlist 2024,2def3228-d78c-443b-b21a-e19fee6a923f,2023-07-21T09:35:00.075486Z,2024-06-26T07:28:47.253766Z
de882884-2482-4ca9-9188-8425ad861d75,Dream Items,2def3228-d78c-443b-b21a-e19fee6a923f,2023-09-25T08:26:56.016538Z,2024-03-19T07:37:09.935850Z
25bb5c51-58ff-4caf-a1bb-36655f576ddb,Home Decor Ideas,38723d0f-75cd-489d-9230-e787816c9a01,2023-05-22T15:08:03.659686Z,2024-04-26T23:13:25.970120Z
e5c7cd72-b194-4f00-b944-657de93c881e,Fashion Favorites,38723d0f-75cd-489d-9230-e787816c9a01,2023-12-24T13:28:47.656972Z,2024-12-07T04:51:32.382133Z
5a9fb0c0-7ce2-45c5-9c59-555c9d79b2c4,Dream Items,fdbe5f2c-1d06-418b-8e32-67d2323d7e32,2023-08-11T17:15:55.020562Z,2024-07-20T15:29:21.917243Z
3b022c59-868e-4704-bce1-47e87f4975f0,Wishlist 2024,fdbe5f2c-1d06-418b-8e32-67d2323d7e32,2024-01-15T12:30:41.536869Z,2024-05-30T09:47:25.002650Z
e3f431ef-0ece-442e-9281-b1828136a929,Tech Wishlist,d68c7a10-a8d5-49c6-a2da-e1df40ee1f07,2023-04-13T19:32:04.478239Z,2024-08-19T11:23:04.160617Z
f632491c-31b8-4c2c-89c4-84ac6d934a58,Dream Items,d68c7a10-a8d5-49c6-a2da-e1df40ee1f07,2023-07-30T21:06:27.962228Z,2024-05-07T19:34:11.545273Z
0b68f8de-448f-4d2a-8591-4e7ee2109e10,Christmas List,d68c7a10-a8d5-49c6-a2da-e1df40ee1f07,2023-10-06T14:28:27.367531Z,2024-04-17T10:37:57.038483Z
d5773376-fd9a-4591-b428-c8486fcfd7ba,Home Decor Ideas,e691d4fc-a5e4-4f62-98f1-fbcc639e0a14,2023-11-10T07:49:27.563130Z,2024-07-08T21:31:06.352621Z
cb198606-25f2-4b14-be74-309a487e5e84,My Favorites,b2114639-6082-4f8c-bce0-a50ee53ac599,2024-05-13T12:44:15.312956Z,2024-12-20T03:22:13.377426Z
1225d3e1-209d-43c3-832f-1f17991cf20e,Christmas List,b2114639-6082-4f8c-bce0-a50ee53ac599,2023-08-23T09:39:16.252069Z,2024-07-27T02:52:57.691287Z
8748eb23-a611-40ae-ac9d-dbf0fda956c9,Christmas List,b2114639-6082-4f8c-bce0-a50ee53ac599,2024-05-27T10:25:16.108907Z,2024-07-23T10:17:41.766749Z
5a4f9bf4-7766-41d9-b198-661859a15b89,Home Decor Ideas,6f8cf136-2e8e-4103-92e3-a755ae2d0632,2023-11-18T04:15:55.151589Z,2024-08-18T11:23:22.579535Z
cde683b2-f29c-44a1-9833-c03dc1db71cf,Tech Wishlist,6f8cf136-2e8e-4103-92e3-a755ae2d0632,2023-12-19T15:47:38.316053Z,2024-08-24T11:59:32.102467Z
6f08aa8a-486d-49cd-bf17-04cccddfb372,Gift Ideas,6f8cf136-2e8e-4103-92e3-a755ae2d0632,2023-07-18T13:10:15.223771Z,2024-05-22T14:00:19.019129Z
72b90445-b74e-4a86-830d-1b0b3e18cfb3,Christmas List,191f7d79-01cf-4184-9e1d-637e3d4934cd,2024-08-27T15:46:51.845820Z,2024-12-10T22:15:18.130532Z
6e60b179-b930-4997-91e9-fbda938d1928,Birthday Ideas,191f7d79-01cf-4184-9e1d-637e3d4934cd,2024-01-17T22:49:25.038880Z,2024-03-19T14:01:12.638040Z
e58cd609-0ce3-4390-b0dc-c8948246a14a,My Favorites,191f7d79-01cf-4184-9e1d-637e3d4934cd,2023-04-18T14:47:02.985784Z,2024-05-14T14:36:50.677595Z
a7f0ad88-8d36-4970-aa69-5dacc12ef4a9,Fashion Favorites,9329c9fe-e8f1-4710-9504-2cb632ae9317,2023-11-17T10:43:06.417195Z,2024-11-11T04:07:47.836896Z
53904908-30df-4c8d-923b-35a3d4015aaa,Save for Later,3035124c-719b-4373-8a2c-d29a77df9c95,2024-03-31T12:43:15.370085Z,2024-07-10T13:31:15.385891Z
50cdcb35-a632-4188-b1b7-d27f38d20b13,Holiday Wishlist,3035124c-719b-4373-8a2c-d29a77df9c95,2023-05-17T17:34:13.283210Z,2023-08-12T06:14:51.362184Z
96ca89fe-77ab-4a31-b710-70cbd8f5bdb5,Gift Ideas,3035124c-719b-4373-8a2c-d29a77df9c95,2023-10-06T06:03:38.490833Z,2024-12-17T09:10:31.666110Z
d94de53b-4c54-471c-987b-a3b6d8e66f83,Christmas List,1c826fb8-c4ab-434f-8e94-ef6ac00cef70,2024-08-04T13:28:49.860024Z,2024-08-20T22:17:33.023432Z
670ca292-4857-453d-a972-540dc7b12555,Home Decor Ideas,1c826fb8-c4ab-434f-8e94-ef6ac00cef70,2023-02-22T14:43:46.239418Z,2024-02-29T20:27:53.382475Z
e2c1221a-8944-4147-b0c4-a51d291f9c00,Holiday Wishlist,cdcccd28-bc43-4e73-a9f8-4b44a214f40f,2024-03-01T07:57:46.493748Z,2024-12-28T08:45:49.838776Z
c43e0177-5f02-42de-960c-fb8bd4c5d8df,Fashion Favorites,cdcccd28-bc43-4e73-a9f8-4b44a214f40f,2024-02-04T13:37:06.092757Z,2024-04-08T21:08:12.835467Z
9eed879b-d1ff-431d-ab6d-7732a69530cb,Holiday Wishlist,d95de9ed-4ca5-4e53-a139-35a02afdb784,2024-01-22T02:59:06.614026Z,2024-09-28T20:34:36.845182Z
17680034-e90a-491b-8dc7-cdfc170f86a9,Birthday Ideas,d95de9ed-4ca5-4e53-a139-35a02afdb784,2024-02-08T10:28:16.659739Z,2024-12-26T08:24:58.390386Z
6d0470b9-ff63-432b-8109-9f511c693ce1,Gift Ideas,1ea12a59-7849-4f3c-a22f-f53a9640f2e9,2023-04-23T16:06:51.809988Z,2024-10-19T21:54:48.949050Z
8f3aea89-25fc-4cb8-ba35-0abc4859f0cc,Dream Items,1ea12a59-7849-4f3c-a22f-f53a9640f2e9,2023-05-28T01:13:35.865630Z,2024-11-30T03:44:37.226899Z
2f767967-f879-4de1-a652-324b3f8c08b3,Gift Ideas,4418c6a7-1b69-4e88-aac1-75affbcafb88,2023-09-24T12:42:08.173867Z,2023-10-08T02:16:42.547595Z
4be99589-6e55-4f2a-94b7-ec267ea7076e,Gift Ideas,4418c6a7-1b69-4e88-aac1-75affbcafb88,2023-07-09T14:10:34.217116Z,2024-08-10T00:12:00.532842Z
33617747-57e9-45e5-bfcc-8f5b91383163,Home Decor Ideas,e8d7234d-cb85-4bf3-b315-3022697e4fb8,2024-05-09T13:06:34.248762Z,2024-11-23T14:24:09.776431Z
507d0a4c-706b-4cf9-b58c-43aa340cf486,Save for Later,e8d7234d-cb85-4bf3-b315-3022697e4fb8,2023-07-09T03:31:09.043826Z,2024-04-22T17:33:54.541217Z
69aec8f5-a6c9-4b3b-90c7-74d213cf658a,My Favorites,0017ffbe-97c4-4b23-99fe-e540bb9898fd,2023-08-20T21:10:24.885994Z,2024-01-19T20:21:50.420065Z
2866822a-511a-4e5c-a240-2bccf66b56ea,Save for Later,f4f8274e-f12e-4dab-a364-cf0453be34c8,2023-02-07T10:45:57.717945Z,2023-10-01T19:43:01.405697Z
e2c9e02f-6e57-4757-ae39-71f9e3dc829e,Home Decor Ideas,0c9838a7-1d70-4d70-b5fe-805436fd6d6c,2023-01-16T07:19:08.352628Z,2024-11-23T03:45:38.472518Z
cc604d90-c39b-4364-9dca-144d7048ca4b,Dream Items,0c9838a7-1d70-4d70-b5fe-805436fd6d6c,2024-07-26T18:06:12.416395Z,2024-12-12T04:37:25.487112Z
d5b7dbff-7735-40cf-8def-27821b115ba1,Dream Items,57e79685-dc11-482f-a8c3-e1900ba926d2,2023-09-10T02:38:15.668589Z,2024-12-14T12:46:08.818894Z
3e472c79-2354-4f65-a99e-0ac73a89cbd8,My Favorites,46e30fcc-89a8-4bd1-a627-05916f5e3971,2024-07-17T22:32:29.384657Z,2024-09-25T16:00:09.906849Z
0d4fe97e-766b-4f17-bc2a-b31f99a4fad3,Fashion Favorites,46e30fcc-89a8-4bd1-a627-05916f5e3971,2023-11-02T06:43:53.651750Z,2024-09-24T02:00:26.379676Z
7694f135-2f5f-4a93-86c0-1d9726f195ec,Save for Later,46e30fcc-89a8-4bd1-a627-05916f5e3971,2024-08-10T06:49:44.740313Z,2024-11-06T03:01:56.170838Z
22e7a886-0dd9-4d73-b9c3-d36da2fbf887,Holiday Wishlist,eae80f33-6c8f-41eb-bed5-799b655e0991,2024-07-10T07:12:05.599111Z,2024-10-02T11:32:40.611221Z
211c9351-a935-4a6c-bd7d-03684288d043,Christmas List,7d6801fc-1265-4b36-89ff-77c4ae06cce9,2024-05-19T02:54:31.733226Z,2024-05-25T06:02:22.430760Z
ca87dd14-07ee-4b61-951c-876e711a056a,Gift Ideas,09998730-99df-4396-b6a0-39f2c27ab3f4,2024-02-06T08:34:51.243121Z,2024-12-26T20:35:37.336341Z
3c0047f1-9f72-480d-af91-7e09392c43d4,Fashion Favorites,09998730-99df-4396-b6a0-39f2c27ab3f4,2024-04-09T12:29:29.907720Z,2024-11-18T01:00:24.293407Z
e04b63a5-edd2-428b-ada5-5c7b5ac06f40,Christmas List,6ebe40fc-989c-4425-aedd-d715a5f61717,2023-08-27T02:40:48.495367Z,2024-09-19T07:02:14.236766Z
f6b02f4c-5795-45ea-a434-79c4aa20ded5,Christmas List,6ebe40fc-989c-4425-aedd-d715a5f61717,2023-12-08T15:57:16.910458Z,2024-05-30T03:49:00.316874Z
c19a8267-8a35-4075-8e6c-ccf07ccc2bcf,Christmas List,6ebe40fc-989c-4425-aedd-d715a5f61717,2023-08-11T03:34:05.361169Z,2024-02-25T00:54:21.886178Z
87237968-87f3-4590-af4c-144847482aa2,Dream Items,35afbdc0-2ad4-4f75-b2bb-69657936baa6,2024-08-16T22:56:19.841740Z,2024-12-16T13:53:07.110295Z
ff86a2ec-d399-49a2-a1e9-556432d1d6ae,Save for Later,35afbdc0-2ad4-4f75-b2bb-69657936baa6,2023-11-11T14:23:18.706332Z,2024-11-25T11:26:21.483744Z
c81ec918-312e-4454-954c-9b9263e15d83,Holiday Wishlist,35afbdc0-2ad4-4f75-b2bb-69657936baa6,2024-02-01T21:36:13.310423Z,2024-10-17T10:17:43.025930Z
9ca3026f-ec72-4906-945b-c224aa7c851e,Fashion Favorites,97fa6f56-c680-4b46-b67c-e2be433ef853,2023-12-24T23:26:00.883793Z,2024-08-02T12:46:37.764321Z
520f6bf2-d437-4d02-8ace-d4412e330d63,Gift Ideas,97fa6f56-c680-4b46-b67c-e2be433ef853,2023-08-12T16:08:59.429671Z,2024-09-15T17:30:02.655145Z
b92c0396-63aa-4711-84af-f4c3198fab8b,Tech Wishlist,0f832743-dd90-4f08-ad90-07818c1d90a3,2024-08-01T13:09:24.233644Z,2024-12-06T14:37:11.922056Z
b3742c99-4424-4985-9dc2-ad25e3f8532b,Fashion Favorites,0b93a2e5-70f3-48a3-8675-0802e8403b33,2024-03-05T05:11:42.831493Z,2024-03-21T13:34:57.684885Z
d6f15a13-0c36-460e-a120-e4aee2595146,Wishlist 2024,29b62cd7-ee85-4dff-aff5-de18589aa7ff,2023-02-23T04:13:39.618016Z,2023-10-16T08:17:24.023653Z
e3fbb392-fcac-403d-93fc-3cab0dfeaf39,Wishlist 2024,29b62cd7-ee85-4dff-aff5-de18589aa7ff,2023-01-03T12:39:22.686152Z,2023-05-16T06:21:28.563804Z
a99748d0-a303-4892-8921-e14e1223b927,Wishlist 2024,29b62cd7-ee85-4dff-aff5-de18589aa7ff,2024-05-08T22:53:03.034609Z,2024-11-25T12:55:16.266137Z
299408bb-f1aa-44b2-9dfd-551a9beecac7,Home Decor Ideas,d926d4f1-7cea-467c-9358-64a14a3b3703,2024-06-16T00:16:10.379699Z,2024-09-13T09:57:09.555123Z
de876787-f2bc-4537-8215-e90500566ecb,Save for Later,d926d4f1-7cea-467c-9358-64a14a3b3703,2023-11-06T04:23:21.839609Z,2023-11-21T15:35:55.997401Z
d14494ef-5c7e-4b57-afb9-c8fb9d219857,My Favorites,d926d4f1-7cea-467c-9358-64a14a3b3703,2023-08-23T23:37:08.176982Z,2023-10-24T07:56:04.961599Z
150c6b34-e6bb-4c9b-8e12-c7066a29d27e,Home Decor Ideas,101d3c75-e4be-4742-b244-7f738b1a3787,2023-05-15T17:51:30.593347Z,2024-11-02T15:10:58.928564Z
375f0621-2a49-403e-b471-e768e27cdf44,Tech Wishlist,101d3c75-e4be-4742-b244-7f738b1a3787,2024-01-06T13:11:36.857141Z,2024-03-03T15:58:42.605487Z
a104b731-b869-4bd0-abfe-65c822cd99ad,Fashion Favorites,101d3c75-e4be-4742-b244-7f738b1a3787,2024-07-24T16:00:30.004707Z,2024-07-28T10:05:44.043334Z
fdbfe575-7ce2-4b62-a9d9-143e8354038c,Holiday Wishlist,a6a257e2-532b-4a75-b4e3-a06568226de8,2023-01-22T04:43:10.766113Z,2024-11-23T00:05:46.930555Z
5bf751a2-0895-48c7-8e3b-12a9d6085a33,Home Decor Ideas,1efa2876-1cb6-4985-bf3f-ee64d39fa08e,2023-03-11T01:55:56.282130Z,2024-04-29T13:08:55.489126Z
d81dce77-63ea-4483-9f2d-6b29ecb50b8c,Home Decor Ideas,3ba192bd-d0f8-4b6b-9973-15e714db560b,2024-08-07T14:16:17.179107Z,2024-08-20T07:55:46.417588Z
903e5bf5-ef20-4b4e-b360-7a28a64cec1e,Dream Items,3ba192bd-d0f8-4b6b-9973-15e714db560b,2023-10-27T23:34:59.984456Z,2024-12-12T06:12:00.600692Z
df8c682e-4dc8-48f0-a1f8-c70819e80bd3,Fashion Favorites,3ba192bd-d0f8-4b6b-9973-15e714db560b,2023-01-11T13:03:50.092195Z,2023-10-03T10:28:38.160986Z
66376537-4291-4f2e-9011-493378100aae,Fashion Favorites,b6e341ce-9cf5-4bc8-a5e7-3c6ef7ceb5e4,2023-12-17T16:45:06.651124Z,2024-11-05T14:00:06.382711Z
54c91741-93b1-47a7-857d-4f40792f576f,Save for Later,b6e341ce-9cf5-4bc8-a5e7-3c6ef7ceb5e4,2024-05-23T19:54:30.701821Z,2024-06-25T00:39:08.367418Z
bbc1dd27-993a-4311-b17f-085083d36d7f,Fashion Favorites,b6e341ce-9cf5-4bc8-a5e7-3c6ef7ceb5e4,2023-06-08T17:46:46.369970Z,2023-10-15T07:14:45.156651Z
cdd4dd73-3687-4aeb-bbe4-e506709f6781,Dream Items,c61b8e64-4f2c-4a42-9d2d-5cd195cfe5c4,2024-06-01T05:37:58.108150Z,2024-08-27T17:40:58.390022Z
4023af2b-607f-4d58-9705-2263c524d6b6,Home Decor Ideas,c61b8e64-4f2c-4a42-9d2d-5cd195cfe5c4,2024-03-30T02:18:38.172882Z,2024-04-08T14:21:53.981802Z
208bc995-56f7-4cdc-bba6-14fec0b8ea18,Christmas List,c61b8e64-4f2c-4a42-9d2d-5cd195cfe5c4,2023-09-01T18:26:10.404203Z,2023-11-06T11:38:05.542251Z
116ca071-99f3-42ed-887e-44e1cdaa5a0f,Christmas List,d2a6ea47-04be-43d9-8ed8-4dc884a53525,2023-08-30T20:27:45.827749Z,2024-04-22T15:10:56.788000Z
d4b8db51-7fc0-4a09-8b10-1c09dd0e6083,Dream Items,d2a6ea47-04be-43d9-8ed8-4dc884a53525,2023-11-08T19:57:29.544097Z,2024-07-18T05:38:55.394675Z
b1689b4a-ac8a-49a6-9f88-7cd54c65efbf,Fashion Favorites,887722d2-bffb-40c6-bf01-5709a6686615,2023-02-14T05:39:58.599108Z,2023-04-03T07:17:59.559877Z
d3182bff-8161-4ebf-839d-50497ea7f07f,Christmas List,6d280020-c0df-48fa-a880-778fc912386d,2024-08-18T13:03:40.032056Z,2024-08-30T18:18:00.630621Z
6b0e9129-744a-4c16-b5dc-9a38ed551f85,Wishlist 2024,6d280020-c0df-48fa-a880-778fc912386d,2024-05-04T13:08:18.921678Z,2024-06-15T12:24:44.817056Z
815a9519-0767-466a-8138-2ac373febe05,Wishlist 2024,3a1760d7-5720-4046-89e2-c2c000d83bb3,2024-02-27T19:14:03.624356Z,2024-04-10T22:17:59.870511Z
2b7cf937-502a-4648-8499-b8831880e469,Christmas List,b546b31b-b18f-45ee-bf3e-38b60e356fa5,2023-09-05T03:45:07.788678Z,2024-04-27T05:52:11.415238Z
380dd5ca-b286-414c-8cbb-28512a6fa18a,My Favorites,72d41252-f9ea-45a2-a331-5b795c564d49,2023-03-09T16:17:08.963018Z,2024-11-23T07:13:21.640490Z
0867af37-a102-44c3-8395-0b1a2dc95f6d,Wishlist 2024,953a368e-10fd-45c9-abb9-2c7aac2a5a68,2023-11-27T19:26:43.435618Z,2024-11-16T15:50:30.835977Z
d357a1e5-a2e3-41fc-a584-bcbd3ba90813,My Favorites,953a368e-10fd-45c9-abb9-2c7aac2a5a68,2023-06-22T05:27:49.957114Z,2023-12-06T23:19:29.763986Z
7b6bb395-a748-431d-942a-c4519aad7897,Holiday Wishlist,953a368e-10fd-45c9-abb9-2c7aac2a5a68,2024-07-30T00:36:02.737328Z,2024-08-13T13:19:53.475301Z
7aaf1768-fdff-4797-9714-e42d4b05f3cd,Wishlist 2024,bfac0474-5870-4f5b-ad5b-c9b668bf8352,2023-11-29T10:16:42.983921Z,2023-12-25T22:58:18.184587Z
bf1e4a20-6d78-471d-b669-c977fa9c2c65,My Favorites,bfac0474-5870-4f5b-ad5b-c9b668bf8352,2024-03-19T14:23:51.905005Z,2024-08-03T18:14:39.205995Z
0e8caf3f-3ce8-4ce6-bdca-672495b5d7d8,Wishlist 2024,6a802c6a-2c1b-4c6f-8d98-e5b91df26881,2024-08-27T05:50:44.363603Z,2024-09-18T16:30:35.727620Z
8aa49600-4dbc-4f60-adfe-ea2764b4e5c3,Fashion Favorites,6a802c6a-2c1b-4c6f-8d98-e5b91df26881,2023-04-11T07:15:01.979636Z,2024-08-15T07:17:21.260625Z
46646d5b-d82b-4b46-96a7-98ec694bfae9,Holiday Wishlist,d7d4c686-de3b-4cc4-b14c-289ab60ff517,2023-10-28T15:59:16.022689Z,2024-09-16T18:34:23.200149Z
e7d77f54-6e36-4701-8abf-6a34a55482d3,Wishlist 2024,86820d4a-b951-4e16-b75b-272c110cc8cc,2023-05-16T10:06:52.029713Z,2024-09-26T22:05:23.993221Z
170ea264-46ae-4f53-82c9-1bb982769f5a,My Favorites,df0e43ac-483a-44da-8717-a45a34799f5c,2023-10-07T04:09:57.679089Z,2024-11-28T21:43:19.992270Z
3995ac92-78af-46fd-a4a9-c849fc5e2640,Dream Items,df0e43ac-483a-44da-8717-a45a34799f5c,2023-03-31T04:20:14.535499Z,2023-05-06T15:49:33.079028Z
4a14a7f6-9741-43ea-b427-489fa774622c,Dream Items,df0e43ac-483a-44da-8717-a45a34799f5c,2023-01-22T11:45:47.234056Z,2024-12-27T09:39:16.976854Z
bd5212a9-1b6c-4447-87f0-1f1d210c9b2c,Dream Items,bebb8d29-cbb8-4b5c-9622-21f44aeea90f,2024-05-24T10:22:31.995511Z,2024-06-24T12:27:51.241816Z
b7a169d9-714a-42c7-9019-9fe57fd9b479,Wishlist 2024,54c4e893-8131-4104-830c-623d40e4a1ac,2023-01-18T13:07:47.430458Z,2023-06-04T02:42:42.914996Z
6721af97-68a2-4029-8dd6-b5cdc6772125,My Favorites,54c4e893-8131-4104-830c-623d40e4a1ac,2024-04-14T13:04:20.043553Z,2024-09-09T04:03:20.636604Z
1eaf62ab-8cd0-49fa-a12e-7283cb8e33cb,Birthday Ideas,52850396-72ff-4cb7-aa6e-2fb689edcd83,2023-07-14T21:13:44.442979Z,2023-08-07T16:02:47.802644Z
b85f8c1b-f6e0-49f9-8cf1-7b0d44f97cd3,Save for Later,6f52b057-93a9-4e36-a397-dfe8e653c0b3,2023-04-09T01:46:13.629036Z,2023-09-08T15:53:32.549920Z
0e568066-a1e7-44fa-8637-e4bee24ed02a,Birthday Ideas,6f52b057-93a9-4e36-a397-dfe8e653c0b3,2024-02-05T21:07:24.983848Z,2024-06-08T17:33:07.427432Z
258b091b-6132-434e-bea7-6b8e8887b5dd,Dream Items,c754e1df-5783-44b7-983c-49096042ec1d,2023-02-06T21:37:24.350299Z,2024-03-21T17:34:48.168099Z
8dc29e3a-2d2b-45cd-a6ac-d3e392b5918d,Home Decor Ideas,21f219e5-745f-48ba-b27a-692cee878183,2024-07-21T03:43:42.989477Z,2024-10-03T14:09:40.202538Z
