-- Fixed SQL script with unique keys and proper constraints

INSERT INTO users (id, first_name, last_name, email, username, password, role, created_at)
VALUES ('c4d3e73a-107b-4493-b2ef-0f82601c7381', 'John', 'Doe', 'user@example.com', 'johndoe',
        '$2a$12$akMKbzqNIbW41iHQPLv0AO/QvKadYkM3z2dC7d1SOhqGLjkE2Qdbi', 'USER', CURRENT_TIMESTAMP),
       ('6f9fd5cb-55d8-43d0-9afd-e7d6f62478e9', 'Jane', 'Smith', 'jane@example.com', 'janesmith',
        '$2a$12$akMKbzqNIbW41iHQPLv0AO/QvKadYkM3z2dC7d1SOhqGLjkE2Qdbi', 'USER', CURRENT_TIMESTAMP),
       ('4718f783-cdeb-4fa5-8a49-b1f768624dba', 'Admin', 'User', 'admin@example.com', 'admin',
        '$2a$12$akMKbzqNIbW41iHQPLv0AO/QvKadYkM3z2dC7d1SOhqGLjkE2Qdbi', 'ADMIN', CURRENT_TIMESTAMP),
       ('07ee65f5-2a7d-4b86-a5fb-c20f47afc123', 'Seller', 'One', 'seller1@example.com', 'seller1',
        '$2a$12$akMKbzqNIbW41iHQPLv0AO/QvKadYkM3z2dC7d1SOhqGLjkE2Qdbi', 'SELLER', CURRENT_TIMESTAMP);

INSERT INTO brand (id, name, description, logo_url, website, is_active, created_at)
VALUES ('9cf009ec-7143-47f9-83e5-86d6b40e29b8', 'TechGiant', 'Leading innovator in consumer electronics and software.',
        'https://example.com/logo_techgiant.png', 'https://techgiant.com', true, CURRENT_TIMESTAMP),
       ('374cae9c-2072-42c9-89f4-467d9768cef9', 'FashionHub',
        'Your destination for the latest trends in clothing and accessories.',
        'https://example.com/logo_fashionhub.png', 'https://fashionhub.com', true, CURRENT_TIMESTAMP),
       ('5ceb57b2-b23c-4fc4-8085-d809baf9365d', 'HomeEssentials',
        'High-quality and affordable products for every room in your home.',
        'https://example.com/logo_homeessentials.png', 'https://homeessentials.com', true, CURRENT_TIMESTAMP),
       ('2bf79a9c-3509-43e7-ab2b-ac2dfc168a7c', 'BookWorm',
        'A universe of stories, from timeless classics to modern bestsellers.', 'https://example.com/logo_bookworm.png',
        'https://bookworm.com', true, CURRENT_TIMESTAMP),
       ('503a24df-a574-485a-aa07-96dd7cf983a4', 'SportyLife', 'Performance-driven athletic gear and fitness equipment.',
        'https://example.com/logo_sportylife.png', 'https://sportylife.com', true, CURRENT_TIMESTAMP),
       ('a70f819e-b71d-4843-9067-b68e25de869e', 'ArtisanCrafts',
        'Unique, handmade items from talented artisans around the world.', 'https://example.com/logo_artisancrafts.png',
        'https://artisancrafts.com', true, CURRENT_TIMESTAMP),
       ('1bdc5207-c404-4649-96c0-657f9265b472', 'PetPalace',
        'Everything your furry, feathered, or scaled friends could ever need.',
        'https://example.com/logo_petpalace.png', 'https://petpalace.com', true, CURRENT_TIMESTAMP),
       ('aa38dcfa-5714-49cf-81bf-aca61bd19632', 'KitchenPro',
        'Professional-grade appliances and cookware for the home chef.', 'https://example.com/logo_kitchenpro.png',
        'https://kitchenpro.com', true, CURRENT_TIMESTAMP),
       ('de503394-99e4-44be-89ba-3a91c9e686a4', 'BeautyBliss',
        'Luxurious and effective beauty products for a radiant you.', 'https://example.com/logo_beautybliss.png',
        'https://beautybliss.com', true, CURRENT_TIMESTAMP),
       ('e56efee5-fb55-4fd5-8827-fa7b44576acd', 'GardenGrove',
        'All the tools, seeds, and supplies for a thriving garden.', 'https://example.com/logo_gardengrove.png',
        'https://gardengrove.com', true, CURRENT_TIMESTAMP);

INSERT INTO category (id, name, slug, description, parent_id, created_at)
VALUES ('5d671dba-96df-4478-913c-cd22439beeb3', 'Electronics', 'electronics',
        'Discover the latest in electronic devices, from gadgets to home entertainment systems.', null,
        CURRENT_TIMESTAMP),
       ('39344f49-21af-4217-a066-0f5f9336eb09', 'Smartphones', 'smartphones',
        'Stay connected with the newest mobile phones and essential accessories.',
        '5d671dba-96df-4478-913c-cd22439beeb3', CURRENT_TIMESTAMP),
       ('45cbba1f-0e3e-4684-8512-52977299f3a6', 'Laptops', 'laptops',
        'Powerful and portable computers for work, study, and play.', '5d671dba-96df-4478-913c-cd22439beeb3',
        CURRENT_TIMESTAMP),
       ('016dd9eb-9ccb-477d-93c5-0edf9f6b23af', 'Clothing', 'clothing',
        'Update your wardrobe with our collection of fashion and apparel for all seasons.', null, CURRENT_TIMESTAMP),
       ('44693a2b-954a-4b91-bb09-ed1b718c3790', 'Home & Kitchen', 'home-kitchen',
        'Everything you need to create a comfortable and functional living space.', null, CURRENT_TIMESTAMP),
       ('63c9d694-c6f9-49c1-958e-82707226ecf7', 'Books', 'books',
        'Explore a world of knowledge and imagination with our diverse selection of books.', null, CURRENT_TIMESTAMP),
       ('e578215f-5e02-43a8-b2ba-72f75771ecbc', 'Audio', 'audio',
        'Immerse yourself in sound with high-quality headphones, speakers, and audio systems.',
        '5d671dba-96df-4478-913c-cd22439beeb3', CURRENT_TIMESTAMP),
       ('6580b5c7-6574-40a0-b452-266ea62fc988', 'Men''s Fashion', 'mens-fashion',
        'Sharp and stylish apparel for the modern man.', '016dd9eb-9ccb-477d-93c5-0edf9f6b23af', CURRENT_TIMESTAMP),
       ('47bb18a6-05c0-4e57-b403-8b60da031d9a', 'Women''s Fashion', 'womens-fashion',
        'Elegant and trendy apparel for every occasion.', '016dd9eb-9ccb-477d-93c5-0edf9f6b23af', CURRENT_TIMESTAMP),
       ('643e4f91-a08e-4fb2-b0f3-1fc0267e8133', 'Sports & Outdoors', 'sports-outdoors',
        'Gear up for your next adventure with our sports and outdoor equipment.', null, CURRENT_TIMESTAMP),
       ('83d1e9bf-50d1-46e6-92f1-4fd2da2d994f', 'Fitness', 'fitness',
        'Achieve your health goals with our range of workout equipment and accessories.',
        '643e4f91-a08e-4fb2-b0f3-1fc0267e8133', CURRENT_TIMESTAMP),
       ('0b400ab4-4b53-4ad6-aadb-ba47a382476e', 'Kitchen Appliances', 'kitchen-appliances',
        'Efficient and reliable electronics for your modern kitchen.', '44693a2b-954a-4b91-bb09-ed1b718c3790',
        CURRENT_TIMESTAMP),
       ('aa1d4e22-fb47-4f7b-b44f-c90989ff5b46', 'Cookware', 'cookware',
        'Equip your kitchen with our durable pots, pans, and baking tools.', '44693a2b-954a-4b91-bb09-ed1b718c3790',
        CURRENT_TIMESTAMP),
       ('6671f500-6422-494c-8daa-0992d60aaea9', 'Beauty & Personal Care', 'beauty-personal-care',
        'Enhance your natural beauty with our skincare, makeup, and hair products.', null, CURRENT_TIMESTAMP),
       ('f95a9dfa-0096-4d3d-bc28-57d34ee38b44', 'Skincare', 'skincare',
        'Nourish your skin with our collection of products for a healthy glow.', '6671f500-6422-494c-8daa-0992d60aaea9',
        CURRENT_TIMESTAMP),
       ('9d597914-4f4c-49fd-965f-344375373885', 'Pet Supplies', 'pet-supplies',
        'Top-quality food, toys, and accessories for your beloved pets.', null, CURRENT_TIMESTAMP),
       ('dd933f19-b771-4128-bc49-dcfbdf4846b5', 'Gardening', 'gardening',
        'Cultivate your green thumb with our selection of gardening tools and supplies.', null, CURRENT_TIMESTAMP);

INSERT INTO product (id, name, description, sku, is_active, is_featured, price, stock, min_price, brand_id, seller_id,
                     category_id, created_at)
VALUES ('cf65db72-a37c-415f-832c-93dfff3adc5a', 'Smartphone X',
        'Experience the future with the Smartphone X, featuring a stunning display and a revolutionary camera system.',
        'PHONE-X-001', true, true, 899.99, 50, 899.99, '9cf009ec-7143-47f9-83e5-86d6b40e29b8',
        '07ee65f5-2a7d-4b86-a5fb-c20f47afc123', '39344f49-21af-4217-a066-0f5f9336eb09', CURRENT_TIMESTAMP),
       ('8e9b83fa-9ffd-4191-be1c-b995d1751cb8', 'Laptop Pro',
        'Unleash your creativity with the Laptop Pro, engineered for high-performance and portability.',
        'LAPTOP-PRO-001', true, true, 1399.99, 25, 1399.99, '9cf009ec-7143-47f9-83e5-86d6b40e29b8',
        '07ee65f5-2a7d-4b86-a5fb-c20f47afc123', '45cbba1f-0e3e-4684-8512-52977299f3a6', CURRENT_TIMESTAMP),
       ('8f7f824c-e41d-44b1-80b2-61eb64d3a6f9', 'T-shirt Basic',
        'A wardrobe essential, this comfortable cotton t-shirt is perfect for everyday wear.', 'TSHIRT-BASIC-001', true,
        false, 19.99, 100, 19.99, '374cae9c-2072-42c9-89f4-467d9768cef9', '07ee65f5-2a7d-4b86-a5fb-c20f47afc123',
        '016dd9eb-9ccb-477d-93c5-0edf9f6b23af', CURRENT_TIMESTAMP),
       ('de6108fa-13c4-4ee4-aee2-f4271c9f343c', 'Jeans Classic',
        'Timeless and versatile, these classic blue jeans offer a perfect fit and lasting comfort.',
        'JEANS-CLASSIC-001', true, false, 39.99, 75, 39.99, '374cae9c-2072-42c9-89f4-467d9768cef9',
        '07ee65f5-2a7d-4b86-a5fb-c20f47afc123', '016dd9eb-9ccb-477d-93c5-0edf9f6b23af', CURRENT_TIMESTAMP),
       ('10fee1da-4ef1-4675-b0e9-69c7b3f11a5e', 'Coffee Maker',
        'Brew the perfect cup every morning with this easy-to-use automatic coffee machine.', 'COFFEE-MAKER-001', true,
        true, 99.99, 30, 99.99, '5ceb57b2-b23c-4fc4-8085-d809baf9365d', '07ee65f5-2a7d-4b86-a5fb-c20f47afc123',
        '0b400ab4-4b53-4ad6-aadb-ba47a382476e', CURRENT_TIMESTAMP),
       ('ce31c6cc-bb07-48a0-93ec-723c54702b6d', 'Adventure Novel',
        'Embark on a thrilling journey with this bestselling adventure novel that will keep you on the edge of your seat.',
        'BOOK-ADV-001', true, false, 19.99, 200, 19.99, '2bf79a9c-3509-43e7-ab2b-ac2dfc168a7c',
        '07ee65f5-2a7d-4b86-a5fb-c20f47afc123', '63c9d694-c6f9-49c1-958e-82707226ecf7', CURRENT_TIMESTAMP),
       ('fd7b3430-9694-4d6b-aee9-8ed9f4f97b1c', 'Noise-Cancelling Headphones',
        'Immerse yourself in pure sound with these premium headphones, featuring active noise cancellation.',
        'HEADPHONES-NC-001', true, true, 249.99, 40, 249.99, '9cf009ec-7143-47f9-83e5-86d6b40e29b8',
        '07ee65f5-2a7d-4b86-a5fb-c20f47afc123', 'e578215f-5e02-43a8-b2ba-72f75771ecbc', CURRENT_TIMESTAMP),
       ('bb6c1bae-bcf3-45ad-bd13-647728dd8b5b', 'Smartwatch',
        'Track your fitness and stay connected with this sleek smartwatch, featuring a heart rate monitor.',
        'WATCH-SMART-001', true, true, 199.99, 60, 199.99, '9cf009ec-7143-47f9-83e5-86d6b40e29b8',
        '07ee65f5-2a7d-4b86-a5fb-c20f47afc123', '5d671dba-96df-4478-913c-cd22439beeb3', CURRENT_TIMESTAMP),
       ('7182c82a-1ee8-426b-8368-e15ae53f1240', 'Blender Pro',
        'Create delicious smoothies and soups with this powerful high-speed blender.', 'BLENDER-PRO-001', true, false,
        129.99, 20, 129.99, 'aa38dcfa-5714-49cf-81bf-aca61bd19632', '07ee65f5-2a7d-4b86-a5fb-c20f47afc123',
        '0b400ab4-4b53-4ad6-aadb-ba47a382476e', CURRENT_TIMESTAMP),
       ('f543c6b3-1f95-4f91-a080-21d71a21190a', 'Running Shoes',
        'Experience ultimate comfort and support with these lightweight running shoes.', 'SHOES-RUNNING-001', true,
        true, 89.99, 80, 89.99, '503a24df-a574-485a-aa07-96dd7cf983a4', '07ee65f5-2a7d-4b86-a5fb-c20f47afc123',
        '83d1e9bf-50d1-46e6-92f1-4fd2da2d994f', CURRENT_TIMESTAMP),
       ('1beebff5-e0ba-4aa7-93ad-9be895343869', 'Yoga Mat',
        'Find your balance on this non-slip yoga mat, perfect for all types of practice.', 'YOGA-MAT-001', true, false,
        29.99, 150, 29.99, '503a24df-a574-485a-aa07-96dd7cf983a4', '07ee65f5-2a7d-4b86-a5fb-c20f47afc123',
        '83d1e9bf-50d1-46e6-92f1-4fd2da2d994f', CURRENT_TIMESTAMP),
       ('7c6bc142-4e19-4c25-bf60-c03276f1d0e4', 'Handmade Mug',
        'Sip your favorite beverage from this unique, handcrafted ceramic mug.', 'MUG-HANDMADE-001', true, false, 14.99,
        90, 14.99, 'a70f819e-b71d-4843-9067-b68e25de869e', '07ee65f5-2a7d-4b86-a5fb-c20f47afc123',
        '44693a2b-954a-4b91-bb09-ed1b718c3790', CURRENT_TIMESTAMP),
       ('cd158593-b707-401c-9698-bcdcba97648d', 'Dog Food Premium',
        'Provide your dog with balanced nutrition with this premium, nutrient-rich dry food.', 'DOG-FOOD-001', true,
        true, 45.99, 35, 45.99, '1bdc5207-c404-4649-96c0-657f9265b472', '07ee65f5-2a7d-4b86-a5fb-c20f47afc123',
        '9d597914-4f4c-49fd-965f-344375373885', CURRENT_TIMESTAMP),
       ('de6b8a9d-92fe-4c45-8ac9-8d247456eef1', 'Facial Cleanser',
        'Achieve clear and refreshed skin with this gentle facial cleanser, suitable for all skin types.',
        'CLEANSER-FACE-001', true, false, 25.00, 120, 25.00, 'de503394-99e4-44be-89ba-3a91c9e686a4',
        '07ee65f5-2a7d-4b86-a5fb-c20f47afc123', 'f95a9dfa-0096-4d3d-bc28-57d34ee38b44', CURRENT_TIMESTAMP),
       ('a2d60721-e8a3-494c-952e-3afb0522473d', 'Gardening Gloves',
        'Protect your hands while you work with these durable and comfortable gardening gloves.', 'GLOVES-GARDEN-001',
        true, false, 9.99, 200, 9.99, 'e56efee5-fb55-4fd5-8827-fa7b44576acd', '07ee65f5-2a7d-4b86-a5fb-c20f47afc123',
        'dd933f19-b771-4128-bc49-dcfbdf4846b5', CURRENT_TIMESTAMP),
       ('bd3f5913-cc2a-47a8-a115-ea3ab4d9697e', 'Sci-Fi Trilogy',
        'Journey to another world with this complete box set of a popular science fiction series.', 'BOOK-SCI-FI-001',
        true, true, 49.99, 15, 49.99, '2bf79a9c-3509-43e7-ab2b-ac2dfc168a7c', '07ee65f5-2a7d-4b86-a5fb-c20f47afc123',
        '63c9d694-c6f9-49c1-958e-82707226ecf7', CURRENT_TIMESTAMP),
       ('100edec7-f85d-4a7f-97ff-0ee7d860e2a6', 'Portable Speaker',
        'Take your music anywhere with this compact and powerful Bluetooth speaker.', 'SPEAKER-PORTABLE-001', true,
        false, 79.99, 50, 79.99, '9cf009ec-7143-47f9-83e5-86d6b40e29b8', '07ee65f5-2a7d-4b86-a5fb-c20f47afc123',
        'e578215f-5e02-43a8-b2ba-72f75771ecbc', CURRENT_TIMESTAMP),
       ('1946f8f5-f953-48da-8163-3910d8e27db4', 'Dress Shirt',
        'Look sharp and sophisticated in this classic men''s dress shirt.', 'SHIRT-DRESS-001', true, false, 49.99,
        40, 49.99, '374cae9c-2072-42c9-89f4-467d9768cef9', '07ee65f5-2a7d-4b86-a5fb-c20f47afc123',
        '6580b5c7-6574-40a0-b452-266ea62fc988', CURRENT_TIMESTAMP),
       ('3027c4ea-cb92-4af5-a19a-0e90ab884a06', 'Winter Coat',
        'Stay warm and stylish in this cozy and fashionable winter coat for women.', 'COAT-WINTER-001', true, true,
        120.00, 20, 120.00, '374cae9c-2072-42c9-89f4-467d9768cef9', '07ee65f5-2a7d-4b86-a5fb-c20f47afc123',
        '47bb18a6-05c0-4e57-b403-8b60da031d9a', CURRENT_TIMESTAMP),
       ('9bdc29ea-60eb-4e96-b55b-367693958d73', 'Toaster Oven',
        'Toast, bake, and broil with this versatile and compact multi-function toaster oven.', 'TOASTER-OVEN-001', true,
        false, 75.00, 30, 75.00, 'aa38dcfa-5714-49cf-81bf-aca61bd19632', '07ee65f5-2a7d-4b86-a5fb-c20f47afc123',
        '0b400ab4-4b53-4ad6-aadb-ba47a382476e', CURRENT_TIMESTAMP),
       ('c5cd4482-a4c5-4a96-8a1e-92084ea1ea4d', 'Cookware Set',
        'Equip your kitchen with this durable 10-piece stainless steel cookware set.', 'COOKWARE-SET-001', true, true,
        250.00, 15, 250.00, 'aa38dcfa-5714-49cf-81bf-aca61bd19632', '07ee65f5-2a7d-4b86-a5fb-c20f47afc123',
        'aa1d4e22-fb47-4f7b-b44f-c90989ff5b46', CURRENT_TIMESTAMP),
       ('4f1a0c31-838f-4911-943f-aff2dfc639c6', 'Face Serum',
        'Rejuvenate your skin with this hydrating face serum, enriched with hyaluronic acid.', 'SERUM-FACE-001', true,
        false, 35.00, 60, 35.00, 'de503394-99e4-44be-89ba-3a91c9e686a4', '07ee65f5-2a7d-4b86-a5fb-c20f47afc123',
        'f95a9dfa-0096-4d3d-bc28-57d34ee38b44', CURRENT_TIMESTAMP),
       ('75222c87-a471-45bd-83c8-fd1335feecd9', 'Cat Toy',
        'Keep your cat entertained for hours with this interactive laser pointer toy.', 'TOY-CAT-001', true, false,
        12.50, 90, 12.50, '1bdc5207-c404-4649-96c0-657f9265b472', '07ee65f5-2a7d-4b86-a5fb-c20f47afc123',
        '9d597914-4f4c-49fd-965f-344375373885', CURRENT_TIMESTAMP),
       ('9b86b837-ff8a-473f-b7ff-efb31202bb6f', 'Shovel',
        'Tackle any gardening task with this heavy-duty and reliable garden shovel.', 'SHOVEL-GARDEN-001', true, false,
        24.99, 40, 24.99, 'e56efee5-fb55-4fd5-8827-fa7b44576acd', '07ee65f5-2a7d-4b86-a5fb-c20f47afc123',
        'dd933f19-b771-4128-bc49-dcfbdf4846b5', CURRENT_TIMESTAMP),
       ('41cd66a4-842b-467a-8ea9-9efeedec1bf7', 'Fantasy Novel',
        'Dive into a magical world with the first book in a new and exciting fantasy series.', 'BOOK-FANTASY-001', true,
        true, 22.99, 50, 22.99, '2bf79a9c-3509-43e7-ab2b-ac2dfc168a7c', '07ee65f5-2a7d-4b86-a5fb-c20f47afc123',
        '63c9d694-c6f9-49c1-958e-82707226ecf7', CURRENT_TIMESTAMP),
       ('e39fbf3e-4972-457a-9b92-5756998bf472', 'Desktop Monitor',
        'Upgrade your workspace with this stunning 27-inch monitor, featuring 4K resolution.', 'MONITOR-DESKTOP-001',
        true, true, 450.00, 25, 450.00, '9cf009ec-7143-47f9-83e5-86d6b40e29b8', '07ee65f5-2a7d-4b86-a5fb-c20f47afc123',
        '5d671dba-96df-4478-913c-cd22439beeb3', CURRENT_TIMESTAMP),
       ('5bd045fa-1845-487e-aa57-1eea759b1350', 'Portable Power Bank',
        'Stay charged on the go with this high-capacity 20000mAh power bank.', 'POWERBANK-001', true, false, 50.00,
        70, 50.00, '9cf009ec-7143-47f9-83e5-86d6b40e29b8', '07ee65f5-2a7d-4b86-a5fb-c20f47afc123',
        '5d671dba-96df-4478-913c-cd22439beeb3', CURRENT_TIMESTAMP),
       ('6671fda1-573b-4603-8706-e28dcc73d770', 'Hoodie',
        'Stay cozy and stylish in this comfortable and versatile unisex hoodie.', 'HOODIE-UNISEX-001', true, false,
        45.00, 60, 45.00, '374cae9c-2072-42c9-89f4-467d9768cef9', '07ee65f5-2a7d-4b86-a5fb-c20f47afc123',
        '016dd9eb-9ccb-477d-93c5-0edf9f6b23af', CURRENT_TIMESTAMP),
       ('9872f416-cfc4-4855-884d-0d908a489329', 'Dress',
        'Make a statement in this elegant evening dress, perfect for any formal occasion.', 'DRESS-EVENING-001', true,
        true, 75.00, 15, 75.00, '374cae9c-2072-42c9-89f4-467d9768cef9', '07ee65f5-2a7d-4b86-a5fb-c20f47afc123',
        '47bb18a6-05c0-4e57-b403-8b60da031d9a', CURRENT_TIMESTAMP),
       ('04d81f1b-4bfd-49b9-a860-f96526dc967a', 'Pots and Pans Set',
        'Cook like a pro with this durable and easy-to-clean non-stick cookware set.', 'PANS-SET-001', true, false,
        150.00, 20, 150.00, '5ceb57b2-b23c-4fc4-8085-d809baf9365d', '07ee65f5-2a7d-4b86-a5fb-c20f47afc123',
        'aa1d4e22-fb47-4f7b-b44f-c90989ff5b46', CURRENT_TIMESTAMP),
       ('9d3038ca-457e-431e-bec7-006a15d74cba', 'Air Fryer',
        'Enjoy your favorite fried foods with less oil using this large-capacity air fryer.', 'AIR-FRYER-001', true,
        true, 89.99, 35, 89.99, 'aa38dcfa-5714-49cf-81bf-aca61bd19632', '07ee65f5-2a7d-4b86-a5fb-c20f47afc123',
        '0b400ab4-4b53-4ad6-aadb-ba47a382476e', CURRENT_TIMESTAMP),
       ('724a229c-4d3a-4b05-a35b-6513c7d9d531', 'Body Lotion',
        'Hydrate and nourish your skin with this moisturizing body lotion, enriched with shea butter.',
        'LOTION-BODY-001', true, false, 18.00, 80, 18.00, 'de503394-99e4-44be-89ba-3a91c9e686a4',
        '07ee65f5-2a7d-4b86-a5fb-c20f47afc123', '6671f500-6422-494c-8daa-0992d60aaea9', CURRENT_TIMESTAMP),
       ('09dfc533-bd84-4c36-9caf-e7dd9ff801d1', 'Dog Leash',
        'Walk your dog in style and safety with this durable and reliable nylon dog leash.', 'LEASH-DOG-001', true,
        false, 15.00, 100, 15.00, '1bdc5207-c404-4649-96c0-657f9265b472', '07ee65f5-2a7d-4b86-a5fb-c20f47afc123',
        '9d597914-4f4c-49fd-965f-344375373885', CURRENT_TIMESTAMP),
       ('ac2a87d0-dcc3-4d9b-94a5-dcb416c5dff9', 'Garden Hose',
        'Water your garden with ease using this 50-foot expandable and kink-free garden hose.', 'HOSE-GARDEN-001', true,
        false, 35.00, 25, 35.00, 'e56efee5-fb55-4fd5-8827-fa7b44576acd', '07ee65f5-2a7d-4b86-a5fb-c20f47afc123',
        'dd933f19-b771-4128-bc49-dcfbdf4846b5', CURRENT_TIMESTAMP),
       ('cfcde7ff-4c86-4407-932f-2ae6cbfa41d8', 'History Book',
        'Explore the past with this comprehensive and engaging book on world history.', 'BOOK-HISTORY-001', true, false,
        30.00, 40, 30.00, '2bf79a9c-3509-43e7-ab2b-ac2dfc168a7c', '07ee65f5-2a7d-4b86-a5fb-c20f47afc123',
        '63c9d694-c6f9-49c1-958e-82707226ecf7', CURRENT_TIMESTAMP),
       ('63010a56-ad52-421d-83ee-abc708af5246', 'Wireless Mouse',
        'Experience freedom and precision with this ergonomic and responsive wireless mouse.', 'MOUSE-WIRELESS-001',
        true, false, 25.00, 75, 25.00, '9cf009ec-7143-47f9-83e5-86d6b40e29b8', '07ee65f5-2a7d-4b86-a5fb-c20f47afc123',
        '5d671dba-96df-4478-913c-cd22439beeb3', CURRENT_TIMESTAMP),
       ('7f535120-cf74-4fbc-b723-f94fd4eafdce', 'Mechanical Keyboard',
        'Elevate your gaming experience with this mechanical keyboard, featuring RGB lighting.', 'KEYBOARD-MECH-001',
        true, true, 110.00, 30, 110.00, '9cf009ec-7143-47f9-83e5-86d6b40e29b8', '07ee65f5-2a7d-4b86-a5fb-c20f47afc123',
        '5d671dba-96df-4478-913c-cd22439beeb3', CURRENT_TIMESTAMP),
       ('185f3dbc-c2f6-4a09-963a-8f594eb5676f', 'Summer Shorts',
        'Stay cool and comfortable in these lightweight and stylish summer shorts for men.', 'SHORTS-SUMMER-001', true,
        false, 25.00, 50, 25.00, '374cae9c-2072-42c9-89f4-467d9768cef9', '07ee65f5-2a7d-4b86-a5fb-c20f47afc123',
        '6580b5c7-6574-40a0-b452-266ea62fc988', CURRENT_TIMESTAMP),
       ('6add3927-25fb-440a-92a5-c566b7e7bd60', 'Skirt',
        'Add a touch of elegance to your wardrobe with this beautiful floral print midi skirt.', 'SKIRT-MIDI-001', true,
        false, 40.00, 20, 40.00, '374cae9c-2072-42c9-89f4-467d9768cef9', '07ee65f5-2a7d-4b86-a5fb-c20f47afc123',
        '47bb18a6-05c0-4e57-b403-8b60da031d9a', CURRENT_TIMESTAMP),
       ('6eb4ae9d-6c97-485f-bd65-0754ed629746', 'Hand Mixer',
        'Whip up delicious creations with this powerful and versatile electric hand mixer.', 'MIXER-HAND-001', true,
        false, 35.00, 60, 35.00, 'aa38dcfa-5714-49cf-81bf-aca61bd19632', '07ee65f5-2a7d-4b86-a5fb-c20f47afc123',
        '0b400ab4-4b53-4ad6-aadb-ba47a382476e', CURRENT_TIMESTAMP),
       ('1885d254-287b-46d8-aeea-6e11c4ea2fba', 'Casserole Dish',
        'Bake and serve your favorite dishes in this elegant and durable ceramic casserole dish.', 'DISH-CASSEROLE-001',
        true, false, 25.00, 80, 25.00, 'a70f819e-b71d-4843-9067-b68e25de869e', '07ee65f5-2a7d-4b86-a5fb-c20f47afc123',
        'aa1d4e22-fb47-4f7b-b44f-c90989ff5b46', CURRENT_TIMESTAMP),
       ('8d1bcfad-04fc-4151-bf40-5fdbe8a2748a', 'Mascara',
        'Achieve bold and beautiful lashes with this volumizing and lengthening mascara.', 'MASCARA-VOL-001', true,
        false, 15.00, 100, 15.00, 'de503394-99e4-44be-89ba-3a91c9e686a4', '07ee65f5-2a7d-4b86-a5fb-c20f47afc123',
        '6671f500-6422-494c-8daa-0992d60aaea9', CURRENT_TIMESTAMP),
       ('6d17b510-597a-4651-9f2e-3427ad5fc41c', 'Cat Litter',
        'Keep your home fresh and clean with this clumping cat litter, available in a 20lb bag.', 'LITTER-CAT-001',
        true, false, 20.00, 60, 20.00, '1bdc5207-c404-4649-96c0-657f9265b472', '07ee65f5-2a7d-4b86-a5fb-c20f47afc123',
        '9d597914-4f4c-49fd-965f-344375373885', CURRENT_TIMESTAMP),
       ('fce59e9d-96ff-4a7c-938b-5ad8710c6981', 'Flower Seeds',
        'Brighten up your garden with this assortment of beautiful and easy-to-grow flower seeds.', 'SEEDS-FLOWER-001',
        true, false, 5.00, 120, 5.00, 'e56efee5-fb55-4fd5-8827-fa7b44576acd', '07ee65f5-2a7d-4b86-a5fb-c20f47afc123',
        'dd933f19-b771-4128-bc49-dcfbdf4846b5', CURRENT_TIMESTAMP),
       ('2c6a4395-2586-4340-8c79-6d4ce5f30a96', 'Cookbook',
        'Explore a world of flavors with this cookbook, featuring delicious international recipes.', 'BOOK-COOK-001',
        true, false, 28.00, 35, 28.00, '2bf79a9c-3509-43e7-ab2b-ac2dfc168a7c', '07ee65f5-2a7d-4b86-a5fb-c20f47afc123',
        '63c9d694-c6f9-49c1-958e-82707226ecf7', CURRENT_TIMESTAMP),
       ('9bf5b773-a842-47fd-9851-633a5af19328', 'Gaming Headset',
        'Immerse yourself in the game with this high-quality gaming headset, featuring a crystal-clear microphone.',
        'HEADSET-GAMING-001', true, true, 85.00, 50, 85.00, '9cf009ec-7143-47f9-83e5-86d6b40e29b8',
        '07ee65f5-2a7d-4b86-a5fb-c20f47afc123', 'e578215f-5e02-43a8-b2ba-72f75771ecbc', CURRENT_TIMESTAMP),
       ('e3e15514-f775-4894-8fd7-ced17d38dd5f', 'Portable SSD',
        'Carry your files in style with this fast and reliable 1TB portable Solid State Drive.', 'SSD-1TB-001', true,
        false, 99.00, 40, 99.00, '9cf009ec-7143-47f9-83e5-86d6b40e29b8', '07ee65f5-2a7d-4b86-a5fb-c20f47afc123',
        '5d671dba-96df-4478-913c-cd22439beeb3', CURRENT_TIMESTAMP),
       ('c4d6603e-b40b-4005-a103-cfffc750677c', 'Sneakers',
        'Step out in style and comfort with these versatile and fashionable casual sneakers.', 'SNEAKERS-CASUAL-001',
        true, false, 70.00, 25, 70.00, '503a24df-a574-485a-aa07-96dd7cf983a4', '07ee65f5-2a7d-4b86-a5fb-c20f47afc123',
        '83d1e9bf-50d1-46e6-92f1-4fd2da2d994f', CURRENT_TIMESTAMP),
       ('b7d83dae-a801-44e0-b3d1-0246c3166304', 'Boots',
        'Conquer any terrain with these durable and waterproof hiking boots.', 'BOOTS-HIKING-001', true, false, 85.00,
        18, 85.00, '503a24df-a574-485a-aa07-96dd7cf983a4', '07ee65f5-2a7d-4b86-a5fb-c20f47afc123',
        '83d1e9bf-50d1-46e6-92f1-4fd2da2d994f', CURRENT_TIMESTAMP),
       ('26a08cdd-4552-47c8-8bc8-4581584fc23b', 'Espresso Machine',
        'Become your own barista with this automatic espresso machine, complete with a milk frother.',
        'ESPRESSO-MACHINE-001', true, true, 299.99, 15, 299.99, 'aa38dcfa-5714-49cf-81bf-aca61bd19632',
        '07ee65f5-2a7d-4b86-a5fb-c20f47afc123', '0b400ab4-4b53-4ad6-aadb-ba47a382476e', CURRENT_TIMESTAMP),
       ('b6a0972a-c9cc-4139-b1f0-1142f3bb1b72', 'Glass Bakeware Set',
        'Bake your favorite recipes to perfection with this versatile set of 3 glass baking dishes.',
        'BAKEWARE-GLASS-001', true, false, 30.00, 50, 30.00, '5ceb57b2-b23c-4fc4-8085-d809baf9365d',
        '07ee65f5-2a7d-4b86-a5fb-c20f47afc123', 'aa1d4e22-fb47-4f7b-b44f-c90989ff5b46', CURRENT_TIMESTAMP),
       ('381fd35c-79b0-4214-a253-aecb83acf582', 'Lipstick Set',
        'Find your perfect shade with this matte lipstick set, featuring 5 beautiful and long-lasting colors.',
        'LIPSTICK-SET-001', true, false, 25.00, 40, 25.00, 'de503394-99e4-44be-89ba-3a91c9e686a4',
        '07ee65f5-2a7d-4b86-a5fb-c20f47afc123', '6671f500-6422-494c-8daa-0992d60aaea9', CURRENT_TIMESTAMP),
       ('a0cb7472-9ccf-46d3-ac16-2b10709ac922', 'Pet Carrier',
        'Travel with your furry friend in comfort and style with this soft-sided pet carrier.', 'CARRIER-PET-001', true,
        false, 35.00, 30, 35.00, '1bdc5207-c404-4649-96c0-657f9265b472', '07ee65f5-2a7d-4b86-a5fb-c20f47afc123',
        '9d597914-4f4c-49fd-965f-344375373885', CURRENT_TIMESTAMP),
       ('274fabe4-f87a-4021-8359-cd4ced5f5882', 'Pruning Shears',
        'Keep your garden looking its best with these sharp and ergonomic pruning shears.', 'SHEARS-PRUNING-001', true,
        false, 19.99, 60, 19.99, 'e56efee5-fb55-4fd5-8827-fa7b44576acd', '07ee65f5-2a7d-4b86-a5fb-c20f47afc123',
        'dd933f19-b771-4128-bc49-dcfbdf4846b5', CURRENT_TIMESTAMP),
       ('03995b4b-fad6-4bf4-8313-78fc824562d7', 'Children''s Book',
        'Spark a love of reading with this beautifully illustrated and engaging children''s book.', 'BOOK-CHILD-001',
        true, false, 10.00, 100, 10.00, '2bf79a9c-3509-43e7-ab2b-ac2dfc168a7c', '07ee65f5-2a7d-4b86-a5fb-c20f47afc123',
        '63c9d694-c6f9-49c1-958e-82707226ecf7', CURRENT_TIMESTAMP),
       ('5f5a7a86-44ff-4512-a50e-ba248ec3cb82', 'Tablet',
        'Stay entertained and productive with this versatile 10-inch Android tablet.', 'TABLET-ANDROID-001', true,
        false, 250.00, 35, 250.00, '9cf009ec-7143-47f9-83e5-86d6b40e29b8', '07ee65f5-2a7d-4b86-a5fb-c20f47afc123',
        '5d671dba-96df-4478-913c-cd22439beeb3', CURRENT_TIMESTAMP),
       ('17389ca7-44df-4727-81c5-57218471d197', 'Sweater',
        'Stay warm and stylish in this cozy and chic wool blend sweater for women.', 'SWEATER-WOMEN-001', true, true,
        55.00, 25, 55.00, '374cae9c-2072-42c9-89f4-467d9768cef9', '07ee65f5-2a7d-4b86-a5fb-c20f47afc123',
        '47bb18a6-05c0-4e57-b403-8b60da031d9a', CURRENT_TIMESTAMP),
       ('0b40f927-a56b-4b7a-9a4f-789bd6a16183', 'Pressure Cooker',
        'Cook delicious meals in a fraction of the time with this multi-functional electric pressure cooker.',
        'COOKER-PRESSURE-001', true, true, 120.00, 20, 120.00, 'aa38dcfa-5714-49cf-81bf-aca61bd19632',
        '07ee65f5-2a7d-4b86-a5fb-c20f47afc123', '0b400ab4-4b53-4ad6-aadb-ba47a382476e', CURRENT_TIMESTAMP),
       ('62e814d7-616c-4290-91b9-a78d85493c2a', 'Handcrafted Bowl',
        'Add a touch of artistry to your table with this beautiful ceramic serving bowl, featuring a unique glaze.',
        'BOWL-HANDCRAFTED-001', true, false, 22.00, 15, 22.00, 'a70f819e-b71d-4843-9067-b68e25de869e',
        '07ee65f5-2a7d-4b86-a5fb-c20f47afc123', 'aa1d4e22-fb47-4f7b-b44f-c90989ff5b46', CURRENT_TIMESTAMP),
       ('c51d9078-f0bf-475d-9a8a-fcd380ccdfad', 'Vitamin C Serum',
        'Brighten and even out your skin tone with this powerful Vitamin C serum.', 'SERUM-VITC-001', true, false,
        30.00, 50, 30.00, 'de503394-99e4-44be-89ba-3a91c9e686a4', '07ee65f5-2a7d-4b86-a5fb-c20f47afc123',
        'f95a9dfa-0096-4d3d-bc28-57d34ee38b44', CURRENT_TIMESTAMP),
       ('6046e65d-61ac-48c1-9291-ba7ae5027be5', 'Dog Bed',
        'Give your dog the gift of comfort with this plush and supportive bed.', 'BED-DOG-001', true, false, 60.00,
        30, 60.00, '1bdc5207-c404-4649-96c0-657f9265b472', '07ee65f5-2a7d-4b86-a5fb-c20f47afc123',
        '9d597914-4f4c-49fd-965f-344375373885', CURRENT_TIMESTAMP),
       ('46b2fbb1-6af8-494b-b4d2-0022fd6833e2', 'Watering Can',
        'Water your plants in style with this chic and functional metal watering can.', 'CAN-WATERING-001', true, false,
        18.00, 40, 18.00, 'e56efee5-fb55-4fd5-8827-fa7b44576acd', '07ee65f5-2a7d-4b86-a5fb-c20f47afc123',
        'dd933f19-b771-4128-bc49-dcfbdf4846b5', CURRENT_TIMESTAMP),
       ('4b3ef4a9-9fc2-4dbe-8268-a5534e1b9ea9', 'Gardening Tool Set',
        'Get everything you need for your garden with this essential 5-piece tool set.', 'TOOLSET-GARDEN-001', true,
        false, 45.00, 25, 45.00, 'e56efee5-fb55-4fd5-8827-fa7b44576acd', '07ee65f5-2a7d-4b86-a5fb-c20f47afc123',
        'dd933f19-b771-4128-bc49-dcfbdf4846b5', CURRENT_TIMESTAMP),
       ('2daae5c9-f41a-478a-a01e-193831e716c4', 'Headlamp',
        'Light up your adventures with this powerful and rechargeable headlamp.', 'HEADLAMP-OUTDOOR-001', true, false,
        29.99, 50, 29.99, '503a24df-a574-485a-aa07-96dd7cf983a4', '07ee65f5-2a7d-4b86-a5fb-c20f47afc123',
        '643e4f91-a08e-4fb2-b0f3-1fc0267e8133', CURRENT_TIMESTAMP);

-- Product variants with unique IDs and proper attribute differentiation
INSERT INTO product_variant (id, product_id, attribute_values, sku, price, stock, created_at)
VALUES -- Smartphone X variants
       ('4b6ae6d7-a859-4fce-ab06-4da2585a93e1', 'cf65db72-a37c-415f-832c-93dfff3adc5a',
        '{"color": "Black", "storage": "128GB"}', 'PHONE-X-BLACK-128', 899.99, 50, CURRENT_TIMESTAMP),
       ('e136f91c-314d-4754-ace6-87f544e751bc', 'cf65db72-a37c-415f-832c-93dfff3adc5a',
        '{"color": "Blue", "storage": "128GB"}', 'PHONE-X-BLUE-128', 899.99, 30, CURRENT_TIMESTAMP),
       ('b86a44d0-0491-47a7-ba00-7495c9546d73', 'cf65db72-a37c-415f-832c-93dfff3adc5a',
        '{"color": "Black", "storage": "256GB"}', 'PHONE-X-BLACK-256', 999.99, 25, CURRENT_TIMESTAMP),
       ('f2c84e9d-b532-4a1f-9876-12345abcdef01', 'cf65db72-a37c-415f-832c-93dfff3adc5a',
        '{"color": "Blue", "storage": "256GB"}', 'PHONE-X-BLUE-256', 999.99, 20, CURRENT_TIMESTAMP),
       ('f2c84e9d-b532-4a1f-9876-12345abcdef02', 'cf65db72-a37c-415f-832c-93dfff3adc5a',
        '{"color": "White", "storage": "128GB"}', 'PHONE-X-WHITE-128', 899.99, 35, CURRENT_TIMESTAMP),
       ('f2c84e9d-b532-4a1f-9876-12345abcdef03', 'cf65db72-a37c-415f-832c-93dfff3adc5a',
        '{"color": "White", "storage": "256GB"}', 'PHONE-X-WHITE-256', 999.99, 30, CURRENT_TIMESTAMP),

       -- Laptop Pro variants
       ('e961ab5a-df6a-4f88-87ef-c6edc2d36c97', '8e9b83fa-9ffd-4191-be1c-b995d1751cb8',
        '{"color": "Silver", "ram": "16GB"}', 'LAPTOP-PRO-SILVER-16', 1399.99, 20, CURRENT_TIMESTAMP),
       ('f2c84e9d-b532-4a1f-9876-12345abcdef04', '8e9b83fa-9ffd-4191-be1c-b995d1751cb8',
        '{"color": "Silver", "ram": "32GB"}', 'LAPTOP-PRO-SILVER-32', 1599.99, 15, CURRENT_TIMESTAMP),
       ('f2c84e9d-b532-4a1f-9876-12345abcdef05', '8e9b83fa-9ffd-4191-be1c-b995d1751cb8',
        '{"color": "Space Gray", "ram": "16GB"}', 'LAPTOP-PRO-GRAY-16', 1399.99, 18, CURRENT_TIMESTAMP),
       ('f2c84e9d-b532-4a1f-9876-12345abcdef06', '8e9b83fa-9ffd-4191-be1c-b995d1751cb8',
        '{"color": "Space Gray", "ram": "32GB"}', 'LAPTOP-PRO-GRAY-32', 1599.99, 12, CURRENT_TIMESTAMP),

       -- T-shirt Basic variants
       ('645610c2-868a-4594-94f2-547e4fadc133', '8f7f824c-e41d-44b1-80b2-61eb64d3a6f9',
        '{"color": "White", "size": "M"}', 'TSHIRT-WHITE-M', 19.99, 100, CURRENT_TIMESTAMP),
       ('09f4930d-2d71-4cee-bced-03c469b7caaf', '8f7f824c-e41d-44b1-80b2-61eb64d3a6f9',
        '{"color": "Black", "size": "M"}', 'TSHIRT-BLACK-M', 19.99, 80, CURRENT_TIMESTAMP),
       ('f2c84e9d-b532-4a1f-9876-12345abcdef07', '8f7f824c-e41d-44b1-80b2-61eb64d3a6f9',
        '{"color": "White", "size": "L"}', 'TSHIRT-WHITE-L', 19.99, 90, CURRENT_TIMESTAMP),
       ('f2c84e9d-b532-4a1f-9876-12345abcdef08', '8f7f824c-e41d-44b1-80b2-61eb64d3a6f9',
        '{"color": "Black", "size": "L"}', 'TSHIRT-BLACK-L', 19.99, 70, CURRENT_TIMESTAMP),
       ('f2c84e9d-b532-4a1f-9876-12345abcdef09', '8f7f824c-e41d-44b1-80b2-61eb64d3a6f9',
        '{"color": "White", "size": "S"}', 'TSHIRT-WHITE-S', 19.99, 85, CURRENT_TIMESTAMP),
       ('f2c84e9d-b532-4a1f-9876-12345abcdef10', '8f7f824c-e41d-44b1-80b2-61eb64d3a6f9',
        '{"color": "Black", "size": "S"}', 'TSHIRT-BLACK-S', 19.99, 75, CURRENT_TIMESTAMP),

       -- Jeans Classic variants
       ('06172785-14ab-4639-b4ca-540c1b54c8f1', 'de6108fa-13c4-4ee4-aee2-f4271c9f343c',
        '{"size": "32x32", "wash": "Dark"}', 'JEANS-CLASSIC-32-32', 39.99, 60, CURRENT_TIMESTAMP),
       ('f2c84e9d-b532-4a1f-9876-12345abcdef11', 'de6108fa-13c4-4ee4-aee2-f4271c9f343c',
        '{"size": "34x32", "wash": "Dark"}', 'JEANS-CLASSIC-34-32', 39.99, 50, CURRENT_TIMESTAMP)
